comment_id,reply_to,user,text,likes,replies,date,liked_by_creator
7585334639180956447,,petti_betty,My uncle said that Chris Hansen should be arrested for entrapment. The end. He never saw me or my kids again.,48265,24,2025-12-18,False
7584101140989936439,,marvelousmabs766,My brother died unexpectedly. My mother turned to me and said it should’ve been you and not him. in front of my two children.,83348,25,2025-12-15,False
7584186505221505805,,ole.jarhead,Being a law enforcement officer and watching my own sister chant “Death to the Pigs” on her Instagram then try an delete it and tell me I’m making it up. That was 2016 I’m still not okay with it. I’ve since retired but still man I’m your little brother.,3941,37,2025-12-15,False
7599694411146117895,,am_in_your_walls.com,“You have to get a job!” I was only 43💔😭,27314,51,2026-01-26,False
7583911220853195550,,hthrwg,"My sons dad dumped me when he found out we were pregnant. His parents were still thrilled and wanted to be a part of my sons life, but stopped calling cold turkey about 4 months into the pregnancy. I found out years later that my mother called them & said I had an abortion and to never call again. My son is 22 and we all have a great relationship with his grandparents-they are wonderful people! There has been no contact for years with their son and my mother.",41457,30,2025-12-15,False
7599630929364304648,,itsyourgirlyuki_,it may sound so stupid but my mom AND dad called me a failure. since then I lost any interest in studying and everything in general.,9464,48,2026-01-26,False
7585430623364350750,,dewram11,I got into college and at my high school graduation my dad turned to me and said “just because you accomplished something doesn’t mean you are better than me”. Last day I ever spoke to him.,29527,22,2025-12-19,False
7599657631858688786,,raeofmoonlightt,my parents told me they only raised me to take care of them in the future,7178,21,2026-01-26,False
7584229476238754591,,thesheilerrr,My husband died by car accident that wasn’t his fault. Someone told me that I should feel terrible for the drivers that caused the accident because they had a baby! Ummm what about our kids?,20566,7,2025-12-15,False
7600213711966749460,,b1ackbirdd,"I overheard my mother talking to my aunt a few weeks after my older brother died she said ""I just dont know why it couldnt have been her instead.""",1330,13,2026-01-28,False
7585798908187443981,,trishtrice,"When I was pregnant, my baby’s father said if I had a boy he would be in the child’s life and if I had a girl he would not. I had a girl. He didn’t lie.",10721,17,2025-12-20,False
7600226904642028296,,canadianjengee0526,"“You’re lying, he would never do that”",1878,15,2026-01-28,False
7584288566287041311,,lulu_luvs_the_world,From my Mom “You are a disappointment.” For not aligning with her MAGA views.,7011,20,2025-12-16,False
7585875562796139278,,..2..3..4..5.6,Me crying and my mom turning to my brother with a smile like “isn’t she so dramatic?” And my brother turning to comfort me. I’ll never forget her cruelty or his kindness.,9062,12,2025-12-20,False
7585779558931923767,,mo_lyssa,Me being responsible for my drug addict mom through high school & being pressured to graduate then finding my mom dead two months before graduation just for my family to tell me it was my fault when every-time I called for help with her they never came.,3661,26,2025-12-20,False
7598694908476982071,,vincentia0821,I went back to school to get my Degree. Sister in law told me I would never make it. I proved her wrong! I graduated as Valedictorian 🎓,3052,20,2026-01-23,False
7585296076438848286,,ruthielynnn,My step dad openly admitting in front of family and friends that he treated me badly on purpose because he knew my mom wouldn’t do anything. Sad part is he was right. She never did anything,21176,12,2025-12-18,False
7600493903016887070,,._rosieposie.o_0,I apparently owe my mom my life because she decided to have me,394,1,2026-01-28,False
7600162539473584917,,immjustkendra,can i just give all y’all a hug :(,694,0,2026-01-27,False
7583816492774556446,,nnthony_aaber,When I was 17 my father told me everytime I see your face I feel disappointed. I’m 34 now and haven’t spoken to him since.,2327,14,2025-12-14,False
7599797911522575112,,yeskingsthirdleg,just when I started to feel happy again recovering from depression my mom and dad told me to stop being so damm happy and that I'm still a failure at life a black sheep to the family and that I'll never ever amount to what my older brother is,158,3,2026-01-26,False
7600228274716148510,,datzsodessy,"Me and my bf been tg since we were 14, when he brought me a gift for my 15th birthday. My mothers sister was otp with her friend and said “my niece must be sucking his yk good” mind you I was 14 and A VIRGIN",630,4,2026-01-28,False
7585663311992980255,,busybmom6,I have six kids. My parents had a big pond in the front their house. Me and my husband would always be worried about the kids around it. My sister in law said what’s the big deal if you lose one you have five other children. I never looked at her the same after that! Pure evil!!,11561,24,2025-12-19,False
7583938028776801037,,susy9560,My sister told me that the SA didn’t happen because our uncle never did it to her,7567,15,2025-12-15,False
7600073049048548112,,bigsmith444,“The phone goes both ways” made me blame myself for our lack of connection. It isn’t the child’s role to feel safe and loved,212,1,2026-01-27,False
7584317836815614734,,jleeisme270,"“It’s such a shame you’re not pretty like your cousin,” my grandma. I was like 4 or 5, never forgot it.",3841,6,2025-12-16,False
7605368737395229453,,crescentwave240,"""So, when are you going to get yourself a boyfriend?"" My father asked me this just two months after my fiancé lost his battle with cancer.",1007,2,2026-02-10,False
7584273731955868447,,teamouse44,My child had a chronic genetic illness and my mom told me it was all my fault because I didn’t go to church. That this was god punishing me.,1584,11,2025-12-16,False
7599644368999809799,,eden_124l,wake up it's time for school💔,1837,3,2026-01-26,False
7600149251864101663,,homeofthefriendlyinsane,"My heart breaks for every single person who has seriously posted here. If I had only one wish, it would be that none of this had ever happened to you. And to those that have made jokes, please please please delete them.",237,5,2026-01-27,False
7585233257457910583,,shaketa3,"That I would be the first one pregnant and wouldn’t amount to anything 🥹 I own my own home, car, was the LAST to have my son, and I graduate with my master’s next year 🙏🏾😎♥️",13437,30,2025-12-18,False
7584086259543884599,,sunny.days88,My husband needed life saving surgery 300 miles from home while in a trip. I asked my mom to watch her grand daughter for ine night so I could drive up for the surgery and come home the next.morning. She said no because she had a hair appointment. That was the day I went completely numb. Didn't talk to my mother for years. Still numb to her.,3683,15,2025-12-15,False
7599666809570722568,,aa_b4tt3ry,"It might sound stupid but it was my parents' anniversary. I drew something for them that took 4 hours and I was really proud of it. When I showed it to my dad, he kept complaining about why he looked weird in the drawing, even saying ""I don't like it lah, why don't you make something like your brother"" and he kept praising my brother about the cake he made.",232,7,2026-01-26,False
7584178207570936590,,vee5298,I was blamed by my aunt for my grandmother’s fatal stroke. I was 9.,4276,4,2025-12-15,False
7585742346097214221,,yana_banana_25,"It’s not really something she said but, I tried to tell my mom about my DV an she would call my abusers family and tell them what I said. They would then tell him and I would get abused worse and worse. I am completely no contact with her now.",935,5,2025-12-20,False
7601566225059775262,,michellegsmakeupcorner,Giving virtual hugs to everyone in this comment section because damn family can be so cruel,414,0,2026-01-31,False
7584326313949299486,,aliciazemolamcmil,My heart goes out to all of you posting here. Hugs!,1135,0,2025-12-16,False
7583817952265814839,,insertquartertocontinue,I’m homeless in another state. I was saving money and my sister called and asked to borrow some. I gave her 150$ (more than she asked for) and told her to pay me back what she asked for. She never did. Fast forward a few months and I need money. I asked my sister and she said “people have lives too.”,11555,20,2025-12-14,False
7584178399532548919,,pbj171,“Go have kids already”….after we did at least 6 rounds of ivf and failed,3219,4,2025-12-15,False
7584908605243392798,,chrissykrakra,Oh my heart reading all these 😔,2437,3,2025-12-17,False
7584630866908889911,,ravenwarriorangel,my mom used to tell me she wishes she had aborted me. me too mom me too. but shes ☠️now. I hope shes looking up at me and seeing how well im doing with my kids & they love me & I love them and raised them the way I wish I had been raised.,360,7,2025-12-17,False
7585049982269440823,,the_feydog,‘We can’t miss our casino nights. Your father worked hard and deserves time off’-the excuse as to why grandparents never came to see their dying grandson…,2991,9,2025-12-18,False
7583920542085350199,,schminz,My mom called me a zero that would never amount to anything. She said I ruined her life. I was the product of her affair.,770,6,2025-12-15,False
7600058663349256991,,rdpsuki06,When I was a child they said I’d never be anyone important. I once said “watch me I’ll graduate hs and college and university!” Because they didn’t. They started laughing “yeah right” “you won’t go nowhere” and when you move out we’ll throw a party here. Not for you but for us to celebrate you being gone. I said “watch I will be someone important” I graduated hs 2 years early. I’m graduating college in may and university in aug. they don’t say anything anymore.,222,4,2026-01-27,False
7584837549538755342,,cauliflowerwing,"A week after telling my mom her husband had been abusing me in various ways I asked if she was going to do anything about it or help me at all. She screamed at me asking ‘what about my house and my car and my marriage and my life?’ That was almost ten years ago and I think about it every. Single. Day. Sometimes for hours, wondering how someone could choose their second husband over their only daughter",6216,20,2025-12-17,False
7586015607550100237,,eeeixip,“Go find your real family”… I’m adopted.,53,1,2025-12-20,False
7583921468544910110,,anonymous88123,Mother told me she wished I was dead. I was 7.,1542,16,2025-12-15,False
7601168815150039822,,daniellearmiger30,I was adopted at birth.. I was very close with my dad and his side of the family. My dad died when I was 25. I stopped getting invited to family functions. My cousin told me I “wasn’t a real cousin”,160,4,2026-01-30,False
7584247498869310238,,femmefatalekc,"When I was moving out of my childhood home because my parents were getting a divorce, my dad asked for my house key back and told me I was not his daughter anymore.",689,11,2025-12-16,False
7584309663832671031,,geezlouise34,"My dad lived in another state, my mom was on drugs, I house surfed trying to avoid cps catching wind. I called my dad and ask for some money for food, he said legally he didn’t have to give me anything bc I quit school. I quit school bc I didn’t have housing. I was 15",2432,12,2025-12-16,False
7600448132610867990,,liferevampvlogs,My mother told me she wished I was never born,53,4,2026-01-28,False
7584431232508248862,,user8757256599694,I was 8 helping my dad pour concrete ditches he told me I was worthless I was his only help trying as hard as I could I’m still working construction 20 years later but he wonders why I don’t talk to him now,1477,22,2025-12-16,False
7600196376165073672,,tracyz24,When I was going through cancer at 43 and would call my dad for support…he picked up the phone and said ‘I’m dreading your calls lately because it’s depressing’… never spoke to him since.,124,2,2026-01-28,False
7585428645332075295,,stray530,"After I gave birth to twins and went home empty handed, my mom told me to stop grieving already a month later and then when I called her out for it she said, “oh hun I didn’t realize it was that serious” but it was serious enough for her to drive cross country to “be there for me”",292,2,2025-12-19,False
7600037499457438484,,jemma.479,"My mum once said “we failed at raising you” when I was working, studying, cooking and cleaning for everyone, and I still think of it almost everyday. It makes me feel like I constantly need to be better and since then I’ve never been the same mentally idk if it’s for the better or worse.",41,2,2026-01-27,False
7588244649077555999,,tayerica98,My father thinks I owe him an apology for blowing up on him at the age of 25 because he left me as a baby and didn’t return until I was older.,30,2,2025-12-26,False
7584119595829723959,,rustyhole,"When I was sick, I asked my best friend if he could take me to urgent care and he responded with ""why?"". Days later, I wasn't any better and he told me he couldn't take me because he had to work. I hadn't slept in days and drove to urgent care where they immediately called me an ambulance. I had pneumonia and was hospitalized for 3 days",627,7,2025-12-15,False
7584929300202668813,,realjfromtheb,"My mom always told me when she was overstimulated that I was going to give her a stroke. Ever since I was little I have had horrible death anxiety. If I call my husband during the day and he doesn’t pick up, I assume a tragic accident has happened.",570,4,2025-12-17,False
7584272277039366925,,dinacasale1genx,Not so much what they said but what they did… 5 sisters and not one of them comforted me when I lost my son…. I begged them.. we went from being inseparable to I don’t care about them,408,2,2025-12-16,False
7599717109299544853,,anevnu,"it sounds stupid now that im reading the comments but my dad's cousin in a function once told me ""woah, you look a lot like your dad when he was younger, but dont worry he grew into the most handsome man in town"" like you just called me ugly 😭",73,4,2026-01-26,False
7585059430535922487,,csg9558,"I was 8. my cousin was just adopted by her step dad. My step dad's brother. I asked him if he would adopt me and he told me no he didn't want to. I can remember exactly what we was eating for dinner and how I was trying to hold back my tears and still choke down the food. pork chops, peas and mashed potatoes. 😞",509,8,2025-12-18,False
7604707662437860126,,luckyt.7,my mil prayed i would have a miscarriage 😐,6,3,2026-02-09,False
7585102156916097806,,notworthyourlife,My brother would tell people I was his mother's daughter he wouldn't claim me as his sister. He was my favorite person when I was little. He has told me to my face I amounted to nothing. It's hard to have a sibling that hates you.,169,4,2025-12-18,False
7602608314437911327,,xandraaaaa_a,"i’m pregnant, struggling, n i told my family i didn’t want ppl in the hospital after i give birth. none of them deserve to be there anyways. n my gma told me “they don’t care abt you, they care abt the baby”. oh ! 😁",34,0,2026-02-03,False
7583913897310192414,,renadalton6,"My biological mom said that when she was pregnant with me if abortions would’ve been legal, she would’ve had one. Another time my brother passed away in 2020 and she kept telling people that her only child passed away.",403,8,2025-12-15,False
7584155157186249485,,mkhotmessmom,Oh I have many. “You need therapy.” “You’re too sensitive.” “You’re too emotional.” “It happened years ago you should just let it go.” And I could go on but 🤷‍♀️,487,6,2025-12-15,False
7584082301647373070,,sugmag21,My brother telling our mother on hospice care that he would not be coming to her funeral. There was no bad blood between them. He just wasn't coming. When she died he immediately booked a flight to come for her funeral. WTF!,972,8,2025-12-15,False
7585989778877940510,,inyournightmaress,"Growing up we had a family friend that knew my mom since a child. I grew up calling her my grandma. I loved her so much. Her daughters I knew as my aunts. It didn’t click to me that we weren’t blood because it didn’t matter to me as a child, that woman was my grandma. Well when I was 12 I believe she passed from cancer, and it was time for her funeral. They had all of her grandkids sit in the front. So of course I made my way to the front to sit with the rest of the grandkids. This lady from her more distant family tapped my shoulder and asked what I was doing. I said I was sitting with my “cousins” and she looked at me and said only the grandkids were sitting there, and I said I was her grandkid, and she said no only her real grandkids. It broke my heart. All my life I knew her as my grandma and we were so close. Then it clicked to me that we aren’t blood related. She made me go sit in the back. I remember just looking around at all the people I called my family, at my “cousins” my “aunts” and I wondered if they didn’t see me the same way I saw them. From that time on I stopped going over to their houses, I stopped asking to call them or go to events with them. I stopped almost all contact. Now as an adult I’ve spoken the the woman I called my aunt and she said she had no idea why the woman said that to me, that she wishes I would’ve come to them sooner and told them what the woman said because they loved me so much and didn’t understand why I didn’t want to be around anymore. Maybe it sounds dramatic to yall but to me it broke my heart, not that I just couldn’t sit in front, just that being told I wasn’t family after spending my whole life with them knowing them only as my family, then being told I wasn’t really one of them.",87,3,2025-12-20,False
7600232162655159060,,zoeymagicks,I don’t know who hurt everybody in these comments but I’m genuinely hoping you all get hugged and loved more than this oml,30,0,2026-01-28,False
7584230495514264375,,hgrubla,"Im an only child and my extended family is in another country. I used to wish I had more family, but after reading these comments, I think Im the lucky one.",573,5,2025-12-15,False
7604916036626875149,,pooooky09,That my husband was going to cheat on me because I let myself go after my first child 🥺,8,2,2026-02-09,False
7584474551266886430,,abarnettessex,"I had a really really bad day at work and left early. My mom's aunt and uncle were visiting. I was to have dinner with them. I was resting in the family room and my dad and uncle were just outside. My uncle asked if I was seeing anyone. My dad replied, ""she's too GD fat, who would want her?"" I got up to confront him. I was so angry and hurt that don't remember what I said to him. I still do not remember driving home.",546,3,2025-12-16,False
7600321128079524663,,vickiemotz,"Had been being bullied for over a year. My mom says""Why cant you just get along with people"". as though it was my fault.😫😫😫😫",26,0,2026-01-28,False
7584132550768984846,,barbiedivorcedken,My sister told me that I was responsible for my son’s terminal cancer because our religious beliefs don’t match. She said his cancer was because I had turned my back on god.,366,3,2025-12-15,False
7586171641069257502,,maddalxna,“you make me happy my mother (my grandmother) is dead so she didn’t have to see the kind of person you grew up to be” my nana was my favorite person in the whole world and died when i was 9 from cancer :/,94,4,2025-12-21,False
7584279012195173151,,jennifer.msn,"""I hope you get your life together "" I have 3 bachelor's degrees, two master's, and working on my second post grad ....Their DAUGHTERS just got married and had kids, I think one worked",394,0,2025-12-16,False
7584155489518289694,,natashalovesjung,"After my Mom died (I was 24) suddenly, her 2 sisters came to my house about a month later and demanded the China that their mother left to my mom. Because I wasn’t really her child because I’m adopted.",379,7,2025-12-15,False
7599748901704450834,,taylordbeale,my aunt was passing out dessert to the family one day years ago and skipped over me saying that I don't need it and I'll never forget that,18,0,2026-01-26,False
7583892065522041630,,cameronyoung578,I dont hold on to anger. No one is worth that energy,453,12,2025-12-15,False
7599794293839053576,,_m_lly__,my mother saying if she could go back in time she wouldn't have had us I'm only 17 I still love her always will till I die,8,3,2026-01-26,False
7585450794297426718,,157643222345663b,My husband adopted my oldest daughter when she was 2 and we hadn’t told her yet. His sister told her when she was 6 out of pure hatred. I asked my husband to talk to his sister after I was up all night with aheart broken kiddo. I just couldn’t understand how one could deliberately hurt a child with no remorse. He told me he didn’t want to rock the boat with his family. I realized in that moment it was me and her not me him and her. It still brings tears to my eyes. I haven’t looked at him the same since which is sad bc he really is an amazing man but I can’t get over it. She was 6!,301,3,2025-12-19,False
7585180074157769502,,rustybootstx,"I asked my mom to help and come down to babysit her grandbaby for me for two weeks in order to find a good daycare while I start a bew job, she didn’t come. 6 months later she went to help my brothers best friends wife with her baby for three weeks while she was approved to work from home! I have been no contact for three months now she never does anything for means never congratulations me for my accomplishments",81,0,2025-12-18,False
7600444172176900886,,livvvvxxxv,me seeing these comments:,11,0,2026-01-28,False
7601928973380158221,,vivalatinkk,"There was a period where I was full-time caring for my mother, father, and grandmother. No help, no gratitude, no acknowledgment of how much I was drowning. In one week they EACH said to me, separately, “You know, you’d be fine if it was just me you were taking care of, it’s the other two who are too much work.” And it just showed me that they didnt care who I was caring for or under what condition, they just believed I had to do it, and they’d never take accountability or or ownership of their care.",17,0,2026-02-01,False
7585220890578141983,,lisaabbyz,When I wanted some help to go to rehab and was homeless my dad told my mom to leave me on the side of the road because I was dirty and who cares she’s going to die anyways. They never helped me once. I pulled through now I’m a thriving SAHM to 2 kids. I just needed help not hate,79,1,2025-12-18,False
7586669198841447198,,braydenwhitedd,"A friend of mine took his life his senior year of hs. The way it made my friends around me feel hurt so bad. I remember one night after being with everyone, not having slept for a day or 2, I finally came home and everything kind of fell apart. I started talking to my mom, who’s my only parent, and honestly I started crying. I don’t cry much. I told her this situation made me feel a certain way about being alive anymore, and she laughed at me. And since that day, my mom and I have never, and will never see eachother the same again. I’ll never be able to forgive that.",116,0,2025-12-22,False
7599634612356563729,,mu_.ci,I actually cried the comments are just 💔,9,0,2026-01-26,False
7585969251250602782,,ehayes15,"“You know your mother could have had an abortion”…I was put up for adoption and adopted by a wonderful couple who gave me life, love and happiness",35,2,2025-12-20,False
7584122525975151415,,k9623803,"I was 39 & had just been diagnosed with cancer. While going through chemo my mother, who I had been no contact for 4 yrs, left a card on my porch. All it said was “if I would grow up and be an adult she could be there to take care of me”, I didn’t need or want her help",160,1,2025-12-15,False
7586007691496473358,,mollyborski938,"That my son struggles with reading and writing because I’m too lazy to work with him and that “He’ll be lucky if he works in a factory someday, and that’s okay.” He was later diagnosed with with adhd and dyslexia, has the right supports, and is doing much better…and factory workers are very much needed.",138,1,2025-12-20,False
7600290714262258439,,user786707668,"everything you receive from me is a gift,,,you don't deserve it 😭😭",10,0,2026-01-28,False
7599990647356949266,,burluee,A lot actually. Hold on…,4,0,2026-01-27,False
7584003987591086878,,wendigobunny,"My Dad: “I married your mother, not you. She will always come first.” (I knew he disliked me, this gutted me tho. Who says this to your child.)",480,9,2025-12-15,False
7603977229106348831,,marycharlottemccrone,Well my mom just called me fat like 30 minutes ago. So,11,0,2026-02-07,False
7605745917245326093,,yentzadreams,I've never wanted you. Could have been a doctor but I was stuck raising you.- my mother. I was 44 when she said that,9,0,2026-02-11,False
7585957401493914381,,blondefarmwife,"I went through premature menopause at 27. Devastated that I couldn’t have children. My sister was mad at me and screamed, “you never should have kids anyways”……. (she has bad temper outbursts), but I’ll never heal from this. I don’t even think she knows how much it crushed me and still to this day, hurts.",51,2,2025-12-20,False
7587123136069796622,,nokorilation,"I was told I was being selfish for continuing my pregnancy with my son because he has spina bifida. That it wasn’t too late to terminate (I was 26 weeks when we found out he had SB). That I signed him up for a life of pain with no quality. He’s 3 now and thriving. No pain, just a typical kid that happens to use a wheelchair. I’m so glad I had done my research and knew what they were saying wasn’t true, but I still think about it often.",94,2,2025-12-23,False
7585793648777184030,,imjust_basic,"When I was pregnant and I called my mom to tell her that I was being beat by him, she told me that I made my bed and I could lay in it…6 months after my son was born, the DNA contributor tried to end our lives.",22,0,2025-12-20,False
7584852467826672398,,zikani22,When I was five my mother bought me the scarecrow doll from The wizard of Oz because she said I didn't have a brain.😔 I'm almost 40 and I really don't pay for Christmas because of those memories,223,1,2025-12-17,False
7600482092805276438,,redditqueen2004,"When I was 8 my mum was doing my hair in the mirror and she said “Such a pretty girl, just a shame about the glasses”",10,0,2026-01-28,False
7601195283934069526,,jessica_wisniewska,The list is endless…,6,0,2026-01-30,False
7586310158554088222,,mrsboco252,My daughter telling my MIL she wanted a barbie dreamhouse for Christmas and her response being that she doesn't have her own bedroom and our house was too small in front of other family members. We are doing the best we (me and my hubby) can and working really hard. It still makes me cry to think about it.,135,3,2025-12-21,False
7600533937177346836,,avocadolauren,"""endless disappointment"" thx dad",6,0,2026-01-28,False
7600209658116965150,,user1344062327284,"At 23 yrs old my dad kept asking, “You STILL Single?”",6,1,2026-01-28,False
7583996746340107039,,kmn_kauai,"When my mother said “it’s not like I’m hurting anything” as she continued to manhandle my husband’s pillow after being told to stop. He’d literally died not three days before and he HATED anyone touching the bed, especially his pillow. Yes, she knew this. She’s also known for her love of heavily scented perfumes and lotions.",150,2,2025-12-15,False
7600341896531460884,,jayme.collins77,My mom told me i was the reason my dad died,9,0,2026-01-28,False
7583922582396912398,,act085678543,Recovering after a traumatic birth with my second child and my husband introduced our younger son to his new sibling without me. I was so hurt to be excluded from that moment,115,11,2025-12-15,False
7585579308837913357,,only.vib3zz,"When my family thought I'd be an addict like my dad and they were surprised when I graduated high school. Loved my dad with every fiber of my being. Through his demons I still seen the good. I'm not an addict. Graduated High school, College, Married, 3 kids and a 3x homeowner with stability. Needless to say my kids don't know these family members and I make it my priority to shield them from them as well.",16,0,2025-12-19,False
7585319019655004983,,.akira420,"I was about 20, I was mostly a good kid, stayed home to take care of my family when I wasn't in school, didn't really have a social life outside of school/college walls except online. My stepdad said he wouldn't care ""if I sprayed my brains all over the wall"" and yes that is word for word what he said and no he has not properly apologized, I'm 32",58,0,2025-12-18,False
7584863190878896951,,chrome.22,"my now husband overheard some of my family bad mouthing him at a family holiday one year. that was about 3 years ago, he didnt tell me untill after we were married, I will never trust them again because sure he may not be a doctor and I may of moved states to be with him but I chose to move, I said yes knowing he's not a doctor, I would chose him every time. he is the sweetest and kindest man with the biggest heart with alot of humor mixed in even after everything that has happened to him. he is the best choice I have ever made.",155,1,2025-12-17,False
7600016836415472415,,thisaintthat93,"Before he died my father told me I wasn’t his biological daughter because my mother had cheated with BOTH of his brother’s. But from the second he held me in his arms, I was his daughter. He loved me so much, I know he didn’t want my mother to ever hurt me with this info.",15,1,2026-01-27,False
7599990031691940624,,idclexie,"i grew up in small town with no fast food or takeaway options so my food had always been homecooked and healthy. when i went away to boarding school i went a little crazy without adult constant supervision and gained some weight. when i came home after my first year, i was at the pool getting sunscreen rubbed onto my back by my mum and she said ""you have bigger love handles than i do"" in front of the whole town. i had to go home and look up what love handles were. before that day, i didn't know what it felt like to be self conscious or insecure in myself. i was 12 years old",5,0,2026-01-27,False
7589278453121598221,,ahleenuhh,"My grandma and her harsh dementia words, I know it’s not her but it’s so hard not to think that",38,0,2025-12-29,False
7603570591686656798,,leo_theodore0,"My mother saying she didn’t care whether I died or not after she kicked me out. That’s something that will always stick with me. No matter how upset you are, never say that to a child. I was 16.",8,0,2026-02-06,False
7583813948072428319,,jj.aka.just.jill,My mother recently said that I am the daughter she never wanted and she is the mother I never wanted!! I am 55 and that hurt,185,6,2025-12-14,False
7600412737521795841,,mik.isc,Uncle said that i have no direction in life and that I’ll fail😭,9,0,2026-01-28,False
7605494292354466573,,hey_its_kashia,"""am I not supposed to have a life?"" ""yes""",4,0,2026-02-11,False
7584805619283624734,,jessbecause28,"My mother called my entire family (cousins, aunts, uncles, siblings) and told them I was not talking to her and that they should not talk to me because I need to know what it’s like to have no one!",13,2,2025-12-17,False
7586338219492131639,,jules_manga,"My moms only living brother didn’t show up to my wedding (found out on the day of). I saw him 3 years later at my cousins graduation where he met my daughter for the first time. The first sentence he said to me was, “you guys need to watch what you’re eating. You’re getting so big” as someone who is struggling with PCOS and postpartum didn’t help 🥲",57,0,2025-12-21,False
7603155341669532424,,incelrepellentt,"My mother told me, on multiple occasions that she only cared for and was worried about my younger brother when she left us. She wasnt bothered about me at all",6,0,2026-02-04,False
7600238503390200594,,lovelesscreature,“You could have been… more”,6,0,2026-01-28,False
7614146593684734750,,pixie.stitches,"I was r*ped by my grandmothers bf, when he died in prison, my grandma looked at me in my eyes, then back to my mother and said “I’m going to his funeral because he didn’t do anything to me” then when my mother unalived herself, same grandma came to see me at the hospital after having my first child. Stayed for all of three minutes then started crying and said “I have to leave, without your mother to be here for me, it’s just too hard” also when my mom unalived herself, they still had her body in the house, that I found, child services came and asked where I was going and my entire family said things like “I didn’t ask for this” or “it’s not my fault/problem”..they all had extra unused rooms in their homes and lived in the same area as me.",6,0,2026-03-06,False
7603378364796371733,,symply_vina,My mom said she wished she never had me cuz I am just an extra burden to her telling me how happy she’d have been if it was just my elder sister and younger brother the next she said she said it out of anger but I know she meant it😅,7,0,2026-02-05,False
7585806272009077518,,mama1083x5,He said well you killed your baby.. - My husband to me after I miscarried our baby and was completely devastated and healing.. 💔,17,0,2025-12-20,False
7585606905562694431,,orangefirelily12,"My mother was in the hospital and I called for a quick update to see what was going on and my sister got on the phone and said she’s dead. That’s how she told me my mother had passed away. I hung up the phone because I was at work and when I got to the hospital, my family informed me that my sister walked into the room and said be prepared because someone is going to be dramatic… that someone being me… there’s a much better way to tell someone your loved one has passed away…",41,0,2025-12-19,False
7602981589790589727,,kimburgerhelper,I had two 20 week miscarriages and my mom was barely there for me. She kept saying stuff like “at least you already have kids” “at least youre not gonna have a handicap kid” “at least you can try again” anything starting with “at least” shouldnt be said probably,5,0,2026-02-04,False
7599582525534913300,,baked_potato5601,"I was about 10 at the time, I’m adopted, my sister who isn’t adopted always told me she “chose me” (she didn’t, my parents did obv) anyways, we got into an argument, I don’t remember what about, and at the end she yelled “I wish I never chose you, you ruin everything” and I never forgot that 🙃",22,0,2026-01-26,False
7600376931775660822,,faryjay,"I like my elder son, not my younger one.",3,0,2026-01-28,False
7586209738388980510,,hiitisb,"i was 16 when my mom passed away to a cardiac arrest. the night before she had a cardiac arrest she had a seizure which wasn’t normal for her. i was home alone and freaked out really badly to where i hesitated calling 911 and my neighbors came rushing because they heard me having a full blown anxiety attack. she ended up being okay that night. i offered to call the ambulance, but she stopped me and told me not to. this was nearly 4 years ago. about a year ago, i was sick with the flu and my aunt (moms sister) called to “check on me” next thing you know she was basically pointing fingers at me and telling me to make sure i go to the doctor and not make the same “lousy” mistake as i did with my mom.",87,2,2025-12-21,False
7600059677468492565,,givemebackmyoldaccx,"I wasn’t a well behaved child, i get it. I got adopted when I was barely 9 months. At the age of 9 my mother said “I wish I would’ve given you back” and the whole idea of family fell apart for me that day. I’m 25 now, and I think of it every day.",6,0,2026-01-27,False
7583799115885888270,,lynnephillips629,"My Uncles 3rd wife told EVERYONE that my husband left me, when my mom specifically told them to keep it to themselves.",33,3,2025-12-14,False
7584271659814142775,,ncnative_1,My brother told me that my mother would still be alive if it wasn't for me. Never mind the fact that she had Lewy-Body dementia and passed away in a nursing home. Haven't spoken to him since.,72,0,2025-12-16,False
7584255190254486327,,hpulaski,My dad told me I didn't deserve the life I have and my sister should have my life. We are one year no contact and I'll never go back.,42,0,2025-12-16,False
7603849098739450638,,boobiiee,"When I was 9 I got lost during Halloween trick or treating because I started following another family with a kid dressed the same as my older sister. I don’t know how long I was lost for. I just remember being with this family and my dad yelling my name down the street and the other family calling out to him to tell him where I was. When my dad and I got back with my family, my aunt looked at me and said “Thanks for ruining everyone’s Halloween”",6,0,2026-02-06,False
7600183295883920136,,shan3n08,"Mom I’m not going to college right away I want to work first, “great another disappointment”",5,0,2026-01-27,False
7600219515700888341,,will4567,Reading the comments. We all deserve to be happy 😭,4,0,2026-01-28,False
7584046195052823327,,raynhammikey,My father left my mother sister and me when I was 5. I didn’t hear a peep from him till my 20s. Every once in a while we’d connect. But he was usually drunk so he had little memory of our conversations or time together. He had a second wife. And 4 other kids. When he passed. I was in my 50s. I was trying to figure out how to get to the funeral. A sister of mine that was from his second family told me I wasn’t welcome at the funeral. He had told her he didn’t want me there. Because “I wasn’t there for him in life. He didn’t want me at his funeral “. I haven’t spoken to her or most everyone else from his side of the family since. 8 years ago.,44,1,2025-12-15,False
7583939154204345119,,beatzramirez,Every time I say what my parents told me on this app I get a strike. It’s that bad.,76,7,2025-12-15,False
7584240346436813598,,newemael15o,It’s what they haven’t said. It’s that they dont even care about you enough to fight to have you in their life.,66,0,2025-12-16,False
7600585752808456973,,suzy.lou3,"My mother said to me as a senior in high-school, "" I've always known you weren't smart enough for college, so didn't bother saving any money for you"". l believed her, how different my life would be if I hadn't.",5,0,2026-01-29,False
7586562165520499470,,sloppymaster,my dad told me to get a dna test to find my actual cause i wasn’t his kid. all because i requested to go to a certain school once,29,0,2025-12-22,False
7585764217414140727,,obx252girl,"Forcing me to go to Planned Parenthood at 17 and throwing away my daughter’s first ultrasound. Thank God for the nurse who told me it was MY choice, not hers.",8,0,2025-12-20,False
7585750749193454366,,squeezesforjesus,"My uncle told me if I moved away I was going to die bitter and alone. I moved anyway, I’ve been happily married almost 12 years and have two beautiful angels🥰 I never spoke to that uncle after that comment.",32,0,2025-12-20,False
7585705598311711543,,naddles08,my mom told me I had so much blubber on me that I didnt know what it was like to be as cold ask skinny people like her. you dont tell that to a child,13,0,2025-12-19,False
7585731012694164238,,meechie700,"When I graduated college a family member said, “ I didn’t think you were smart enough to do that.”",12,0,2025-12-20,False
7583937775474639630,,nikkiswife0916,"if I dont forgive , it hurts me not them.",85,18,2025-12-15,False
7584862905301025591,,coleywitt25,"My mom told me she “doesn’t like me” at age 45, and is now confused why I am low contact, I’m the bad guy",9,1,2025-12-17,False
7600400413376381703,,jazznazz57,"my grandpa said i was stupid to my friends when my teachers praised me for how smart i am. i flunked my final because i don't have the motivation to do better. i know that i was smart, but i let people's words get into my head.",5,0,2026-01-28,False
7584055269179032334,,waymit,I was called a bad Christian when I got divorced 😞,38,3,2025-12-15,False
7585992832181207821,,asabley815,"My uncle died in a house fire when I was 8, he was the only family member that encouraged me to just be myself. My older cousin told me to stop crying and that I wasn’t allowed to be sad because he was their uncle and not mine. That I wasn’t a real family member because I’m adopted. My aunts agreed and my mom didn’t believe me when I told her. She always took their side. I’m 34 now and it still hurts.",5,0,2025-12-20,False
7584555013130502943,,kahall8,My stepdad was always pointing fingers at me for everything wrong in this family. My mom always supported her husband wants and needs so there’s that,16,2,2025-12-16,False
7584613184326697783,,manic.janet,My father told me when I was 16 I would be nothing but a trophy wife. I wasn’t smart enough to do anything else but look pretty for a man.,20,0,2025-12-17,False
7585361986302788407,,gyro_king1,Too many things. It's hardened me and I only care for what's in my 4 walls now,8,0,2025-12-19,False
7585222882080244510,,dopamineblush,when my dad told my husband im a spiteful b and he hoped my husband would see me for who I am and leave me.,5,0,2025-12-18,False
7584240700654469918,,smegkat,I graduated college and my mother said I wasted my time,36,0,2025-12-16,False
7585777417541747486,,andreanicolecruz19,"As a Latina, when I was 15, an adult in my life at the time told me that “I wasn’t really Mexican” because I didn’t speak Spanish. This was someone I had really looked up to at the time. For years following, I have constantly battled with feeling “worthy” of my culture. Now as an adult, I’ve become proficient in speaking Spanish. I practiced my Spanish not to please anyone, but for myself. 🤍",20,0,2025-12-20,False
7584174806988587806,,love_being_retired,"The day after our wedding, my stepdaughter looked her dad in the eye and said she didn’t know why he married me and that he could do better. Yes, I was sitting right beside him. In a crowded restaurant. Good times!",14,0,2025-12-15,False
7584209039136146231,,notthatseriouss02,My dad : “well I didn’t ask for you to be born” mind you I’m the only one who’s ever looked out for him.,18,0,2025-12-15,False
7587496558615397134,,kendall._.l,"my parents are divorced. after making a really hard decision, i decided to move in with my dad after living with my mom my whole life. after a couple of months i went to visit her. at the time, i was only 12 so i didn’t have a phone so all of the communication about pick up was through my parents. the day before i was supposed to go home to my dads, i asked my mom what time we were going to leave the following morning. she told me i wasn’t leaving and i had to stay and live with her. i responded with “im not staying here, im not happy here”. she said “i don’t care if you’re happy, you’re not leaving”. our relationship has never been the same since then and i will never see her the same. I’m 18 now.",8,0,2025-12-24,False
7585270909703815950,,wild_wiccan,My mother was shot in a home robbery when I was very young. Told a relative “why should she have a life when I don’t?” Relative of course told me. Called me a wh—e on multiple occasions. There’s so many. She’s gone now.,16,0,2025-12-18,False
7583850351658746654,,stanbuie,My sister when I came home from the hospital with my newborn son. First thing she said how did you have a lightskin child? Excuse me 😳,37,2,2025-12-14,False
7583921193796551454,,goldenberger2,I was told “you were a mistake.” This came from my mother,52,4,2025-12-15,False
7584176075031839501,,boberryy8,My parents had a rough divorce. I went distant on my Dad as a kid/teenager. As an adult I’ve tried mending things and forming a closer bond. During this process he told me that he “gave up” back then.,23,0,2025-12-15,False
7583895067149271839,,anywhere_but_here65,I feel for all of you who had to experience these hateful actions from parents. they never gave you the emotional security you deserve.,18,0,2025-12-15,False
7600525470740464406,,ocho_octo,My mother told me that my brothers child will always be her favourite.,6,1,2026-01-28,False
7585214187837801230,,userpeterbilt,"In 2009 “I hope God takes that baby from you. I was pregnant with my 3rd son. Said by my grandmother at Thanksgiving in front of all our family members. She was in the room when he was born in 2009. She apologized 9 yrs later in 2018. She passed away alone in the hospital, May of 2020 and I took the lead carrying her casket. I did forgive her. I will never forget it though.",11,0,2025-12-18,False
7584135712749961997,,patriciapatterso502,"A (friend) said to me when my dad had a brain aneurism, well no wonder he drinks . He passed away 12/25/88 never spoke to her again after she said that . Been 37 yrs.",13,0,2025-12-15,False
7584262327346610975,,lizzyliz562,That my abusive ex was still part of the family. And I couldn’t just expect THEM yes all my brothers and sisters to just get him out of their lives. That’s a hard pass for me and they witnessed the abuse and still said that to me.,5,0,2025-12-16,False
7585808747768038175,,pastelmangoroseh,"My aunt asked why I was getting Forbes magazines, I said I might want to start my own business one day she say NO and said she doesn’t have Forbes magazine and she had a degree behind her name. She then told me Rolling Stones is for someone like me.",16,0,2025-12-20,False
7584098166149595934,,brown.eyed.doe,After my grandmas funeral my two Aunts pulled me aside to let me know they placed mg dads ashes in with her. They smiled and giggled about it (guess it’s not legal). Funeral staff knew. Still haven’t fully processed it.,13,0,2025-12-15,False
7600289454175142688,,qouma,"I failed this German exam I'm usually good at (not finals just normal exam), a few days later I was telling my mother happily about my plans to get into the degree I wanted after school, she told me there was no point anymore after that German exam because I was a failure 🫩 thanks for the encouragement mom",8,0,2026-01-28,False
7583802818747188023,,robertmckinney568,"When I was ~12, while we were cleaning paint brushes, my dad said, ""The guys at work say someday you'll resent me working you like a slave [for my apartment rental business]."" Then he laughed and said, ""no you won't"". Our relationship was never the same, bc I realized I was being used. I started getting jobs that paid. Still thankful for the unmatched work ethic I learned though.",87,6,2025-12-14,False
7584218596156392223,,sunnysideup095,"I was told by my adoptive father’s family, because I was adopted, that I don’t belong and never will. Do not talk to those people.",12,0,2025-12-15,False
7585639677488153374,,burgeally,All “their last name” have blue eyes!! Both of mine had brown eyes and popped off that brown eyes were dominant against blue eyes!!!,14,0,2025-12-19,False
7584284866292974366,,samanthaguyjohnso,MIL after my 2nd son was born prematurely and I offered her grandparents bracelets to get into the NICU she said “ I won’t need those I don’t want to get attached in case he dies” 😳 but she’s a good catholic,7,0,2025-12-16,False
7599379417018794783,,loveoneanother79,My dad said that Trump is the best president ever. WTF?!,5,0,2026-01-25,False
7612373661497443102,,tia943058,"Father God, please cover every last one of your children in these comments who have been hurt by these unforgettable statements. Please bring them healing, peace, and the strength to move forward with their lives and not be weighed down by the pain and trauma those statements have given them. Let them know they are loved and that you are with them in every step. In Jesus mighty name I pray, AMEN.",5,0,2026-03-01,False
7584096410946913055,,yetta2016,"when I was told often by my mom, you're nothing like me, and it was always said with disgust, You know I'm glad I'm not",17,0,2025-12-15,False
7583940305939317535,,pillowtalk504,My mother has told me all my life that I was the cause of her misery because she got pregnant with me and had to get married. It's a hurt I don't think I could ever get over.,12,0,2025-12-15,False
7584203204348740382,,peach_panther_,My mom telling me she wished I was the one dying not someone else. That will never leave me.,16,0,2025-12-15,False
7584086975826690847,,youreacrybaby6,My ADULT son who I’ve spent his life supporting and incouragiing… told me he hoped I fell on my face and lose everything.,12,0,2025-12-15,False
7585805247689491255,,marissakathleen303,"In HS I was in drama and got a big-ish role in a one act play. I worked really hard and was so excited for my mom to come watch me(she came to every single one of my brothers shows) and it was only a one night performance. She didn’t come. When I got home, she was drunk, and when I asked her why she didn’t make it she said “I couldn’t sit in the crowd next to all the parents who were proud of their kids and pretend I was proud of you”",6,0,2025-12-20,False
7584534970174489375,,candybar.54,"Nothing because no one is worth my SALVATION, WE MUST FORGIVE AND MOVE FORWARD. WE don't have to continue a relationship just let go forgive and move forward.",7,0,2025-12-16,False
7584025770780361503,,bears.fan96,Harvard and Yale ain't real 😳,12,2,2025-12-15,False
7605459766593667854,,lisa_91617,“I need to take back the baby outfit I bought since your,3,4,2026-02-11,False
7600515543763174166,,sophia.fraterwalc,Its really bad what they said but I will get over it somehow. Not forgiving them is like bleeding out from my wound.,3,3,2026-01-28,False
7614799860880933662,,boo_boo725,“It should’ve been you” after my father died in front of me I might add.,4,1,2026-03-08,False
7600487611383546645,,mariejeffrey24,"“All you do is stress me out, I don’t need that stress in my life”",4,0,2026-01-28,False
7603573765145936648,,auselsslover,"""I like Tr*mp. he's a funny guy."" No dad.. no.",4,0,2026-02-06,False
7600827611770929942,,stavrosvlavakis,my mum telling my father that it's my birthday. his response was: i don't care. (e and?) i was 4 years old and i heard that conversation via phone.,4,0,2026-01-29,False
7600162961337008903,,dark_moon1009,"“Why did you get a bad grade, and what did others get?”",4,0,2026-01-27,False
7601255344170517270,,lolsitslia,"""You'll make a great wife someday"" My dear Taid who passed away 💜",4,0,2026-01-30,False
7599874234777240327,,4lif3rzzk,« Just because i do it doesn’t mean that you should » she was scolding me and idk why but it just stuck with me.,2,1,2026-01-27,False
7612254661772919566,,jasmineclark7879,My aunt told me to get over my mom’s death and I was 16.. I’ve never talked to her since,4,0,2026-03-01,False
7600479174062899988,,tz_shaz,"""son who are u choosing? mom or dad?""",3,1,2026-01-28,False
7605439223298097934,,sotastrongmama,I am adopted. My brother said to us “mom and dad never even asked us if it was okay to adopt you guys” basically his way of saying he wished we weren’t apart of the family and to this day we still feel this and they dont go out of their way to communicate with us or support us.,2,1,2026-02-11,False
7603917897669444374,,jexy360,I asked my step grandfather who was raising me with my grandmother if he loved,1,1,2026-02-07,False
7600219721163571985,,brittany_ireland,Wasn’t said to me but my dad was adopted and he told my uncle after I was born that he doesn’t think he’ll ever be able to love me because he was adopted. That wasn’t my fault. I was just a baby.,4,0,2026-01-28,False
7602766376591459094,,iamsimmmmma,"My granddad said he’s afraid of me and my parents because we don’t fear god. We believe in god, but we don’t go to church that often. He’s said we shouldn’t walk the street without shame and that we burn in hell, but also that he’s afraid of us. I said alright, be afraid of you wish",4,0,2026-02-03,False
7603283939687826194,,azu_rave,"“You’re still crying?” My mom scoffed and snorted when I couldn’t stop my tears because my precious dog died, and to think it was also THEIR dog who they’ve been playing with.",4,0,2026-02-05,False
7605844003808756511,,mrs.munchkin.man,"my aunt telling me how my mom was a failure and a horrible person (and so so much more). i lost her when i was 12, 3 weeks before she graduated with a masters. she was my best friend, the only person i had growing up and had the softest most kind soul anyone could know.",4,0,2026-02-12,False
7605155989444117278,,lil_cherry888,Own Grandma didn’t believe who hurt me my whole childhood,4,0,2026-02-10,False
7600331253620917013,,alphawolf1811,when i asked my mum if she thought my step dad would be happy if i asked him to adopt me and she loomed at me with disgust and said y would he want to adopt you i said ok never asked him😅,3,0,2026-01-28,False
7600539772364489492,,hexlex_be_vexxed,"my mom was going to give our family heirloom to my cousin, when it should have gone to me. Not out of grees, it was last in my father's possession and it was always intended for me. When I made my case and finally got the family on my side, my mom relented by stating ""Yeah, you're family too, I GUESS."" It still echoes in my head on quiet nights, years later. Why didn't she ever like me as much as my siblings?",1,1,2026-01-28,False
7605221880970412823,,plxy.gxd,“I’m sick of pretending to care about them when I don’t” - my mom about me and my sister. I was 7 at the time,4,0,2026-02-10,False
7605292763604779797,,greee33zz,“YOU HAVE FAILED AND ALWAYS WILL.” - Dad oh..,4,0,2026-02-10,False
7600483216487957269,,dhar_bee,I was typing then I deleted it....my heart hurts y'all😩 just know I miss my parent!!!!!,0,0,2026-01-28,False
7614759229647553310,,twilight_pr1ncess,"My mom fully looked at me and said, “if anybody were to ever get drafted, I would prefer that you did over your brother” oh-? 🤨",3,0,2026-03-08,False
7605406231330767634,,beepostive8,that they don't like me because i remind them of my biological father my biological father was a really bad man who did un speakable things to children,1,1,2026-02-11,False
7606960317294740241,,melnz35,"My sister got pregnant ""I thought it would be you not her"" said my mum. My dad looked at me not long after she had her baby and moved into my mums house with her boyfriend and said. ""why can't you be more responsible like your sister"". I was studying to be a chef.",1,1,2026-02-15,False
7600406041419678485,,d.kleiner,My father said to me that my step mother will always come first. Imagine saying that to a kid! My mother did the same too!,1,1,2026-01-28,False
7606049412615783190,,dd_16x,I don’t know how to fix us,3,0,2026-02-12,False
7586577662282449694,,mks12891,My niece told me she wished I died instead of her mom…,3,0,2025-12-22,False
7599736113251582736,,mitro_editz,No more PlayStation😞,2,0,2026-01-26,False
7605344755035751190,,agnes.mare,"i have an older sibling. I made my mother very angry one day and she told me that ""maybe we should have stopped at the first"". I was too stunned for it to hurt.",3,0,2026-02-10,False
7613235292657697566,,angierange1,I grew up talking to my grandpa on the phone because he lived in another country but I finally got to meet him after I graduated high school and he was amazing and treated me like a princess even though it was our first time meeting face to face. He died in 2020 right before I could go back to visit again. My aunt asked why I was crying about it if I only met him once.,4,0,2026-03-04,False
7586046862395048718,,ashleyhammock0502,My uncle made fun of my weight my entire childhood and I’m except to act like nothing ever happened and be okay with him.,3,0,2025-12-20,False
7608987336919253774,,itsurfav.blonde93,Stop grieving your brother and be strong for your mom,2,0,2026-02-20,False
7605325800402240278,,ladyripplington,"My mum to me about my stepdad: “I’ll always pick him over you. He’s my husband, you’re just a reminder of a failed marriage”",0,0,2026-02-10,False
7604304116760101662,,icamp0,my mother in law told me I wasn't family.... cool.,2,0,2026-02-08,False
7584523139150824247,,garfield1585,"My mother abandoned when I was 12. She wanted me to go live with my father. He didn't want me either. After I hung up the phone, she said to me, I guess you'll have to stay now. I'm 47, I think about it every day of my life.",2,1,2025-12-16,False
7585820600548950814,,isaaramir_,“seventy times seven” if we don’t forgive others god won’t forgive us 🙏,2,6,2025-12-20,False
7606281613132317462,,hannahbellasxo,My dad told me weeks after my best friend had died that she’d be so disappointed in me.,2,0,2026-02-13,False
7587506874455704375,,inmybedaboutitt,"My mom said once she wished she never adopted me when I was like 6 or 7 and she says now it’s fine because she apologized, like no? Do you understand the damage a child gets from hearing that?",4,0,2025-12-24,False
7604457020385624854,,mollywilliamson22,“I thought it only happened a handful of times” oh so that’s fine then?,2,0,2026-02-08,False
7606087313761862420,,yourepretty_queen,"""you're so petty"" Yes i am but it still hurts",2,0,2026-02-12,False
7605886498732933896,,blanky_jakey,"grandmother in law always tells me to take family pictures, she says ""I want JUST MY FAMILY in the picture"" making sure to emphasize that im not part of her family. I've been with my wife for 8.5 years and have given her 2 great grand children.",2,0,2026-02-12,False
7585192731656536845,,crosbymis5,"I was in an abusive relationship for years, I hid the torture from my family, even disappeared for a few years to try and distance myself from them because he had threatened to harm them too. Fast forward about 8 years, I had two young children and was in contact with my parents again. I got to a place where I was finally ready to ask for help and run away and I told my father what I had been through, and warned him to be careful because I wasn't sure how dangerous my husband was (gang affiliated). My father asked me, ""So then why did you come back?"" I tried to get over it a few times but, I never really could. I have been no contact with him over a year now.",4,0,2025-12-18,False
7604301680860496670,,why_ask_y,"My brother almost died but I was his medical power of attorney and intervened and advocated for him. He said to me afterwards “if it weren’t for you, I’d be dead and now you’re dead to me! You’ll never be blessed with my presence again”. 😳",2,0,2026-02-08,False
7609025564351038222,,tatyanaparks1,I was the ‘trouble’ child and my nana said something like I should be more like my cousin. That same cousin ended up pregnant and she was so upset. I was like “and you always said I should be more like her” and laughed. Nana’s gone RIP my girl but I turn 29 this year and still childless. 😂,2,0,2026-02-20,False
7605597843730924301,,leahtorres726,Growing up knowing my siblings were viewed at a higher value than me to her. I was just a stepping stone. She hated me from the beginning. No contact. I left.,2,0,2026-02-11,False
7585209998881850143,,glamgoddess53,My dad told my mom I wasn't his daughter when I was 13 now at 42 I no longer am. Haven't seen him in a decade. I know he just wrote it off but it stuck with me.,4,0,2025-12-18,False
7604322322787418894,,ms_good7,My brother screamed at me in front of my kids asking why we wouldn’t move into his house (use to be my grandmothers) when we had started the process of building a house and mind you he had lived there for yrs at this point. Invited him over to pick up his new phone since we switched providers and he screamed at me because he was miserable with his life.,1,0,2026-02-08,False
7600445215769445142,,cantbcancelled,My dad called me an onion in an argument ☹️,1,0,2026-01-28,False
7600279512689885960,,charlottesalek22,I ate the last chicken nugget!!! I cried for a week,1,0,2026-01-28,False
7584249706138862391,,random.quarantined.girl,"an aunt said my sister was ""called to heaven"" bc god knew she had nothing left on earth bc she was bi-polar. she had 2 toddlers at the time.",4,1,2025-12-16,False
7614515754315039502,,12_rf34,A boy cuzin of mine said “Stop Smiling I Hate Seeing U Smile” Didn’t do 💩 to him but HEY Idgaf bc ppl tell me I have a beautiful smile😁 BUT TO HEAR THAT FROM A 1st BLOOD OLDER CUZIN IS WEIRD😳,1,0,2026-03-07,False
7606465606519374606,,oh.stop,"LOL, hold on let me...",1,0,2026-02-13,False
7584522363111981854,,gobyebo,My mom told me they hadn’t planned on children and my dad was disappointed I wasn’t a boy.,4,0,2025-12-16,False
7604273649441211167,,sauceonme83,Mom called me the devil the day my grandmother passed😞,1,0,2026-02-07,False
7585642633239380791,,anettephom,"when my dad died my family sat around in a funeral home trying to plan his funeral. My mom so broken, cried because she couldn’t afford it. My 2 aunts wrote a check for her unhesitant. My grandma (mom’s mom) said “I’ll match whatever they’re giving but you have to pay me back” She’s rich.",2,0,2025-12-19,False
7605308221247701791,,_monapizza,Imma just say “whew chile” for myself and keep scrolling 😭,1,0,2026-02-10,False
7584544952047452983,,mplanbb,"The Christmas before I left for bootcamp, my aunt tells me that I’ve ruined the holidays as they’ll never be the same again. She was right. That was 22 years ago and I never went back.",4,0,2025-12-16,False
7612131465602564895,,maddie505xoxo,"When my dad passed away my grandma , my dads mom told me I need too get over it . Haven’t spoken to her in years . 💔",0,0,2026-03-01,False
7605072171542709006,,mckayla_chapman,"grandma came to mine and my cousins and sisters recital when i was 8/9 and told me in front of my cousins, aunt, and uncle “just so you know im not here for you im here for your cousin” ….. we were in the same dance",1,0,2026-02-10,False
7604516365878280968,,sal3m3,you need to get your learners 😭 im only 27 😔 there are things that never should be said 😭,1,0,2026-02-08,False
7604867052843533074,,wolfgraffiti6,"""its your fault your dog is dead""",0,0,2026-02-09,False
7604519072168624926,,karinaguerra.b,"If you and your daughter come back, I don’t want any contact with yall. - my mom",0,0,2026-02-08,False
7613102394733904670,,.lizbet_,"When my dad passed, my grandpa said “it’s probably for the better”",4,0,2026-03-03,False
7584218690397831967,,zootedautumn27,"Not what the said what they did. I watched my mother get treated so so horribly by them my whole life. She passed when I was 14, I was kicked out my 16th bday and I never looked back. Most of my family hasn’t heard a word from me since. It stops here, my mother lived miserably. I will not let them do to me what they did to her.",4,0,2025-12-15,False
7604747695160886047,,maggietaylor01,"when i was in high school i asked my dad to take me to a baseball game to meet up with friends, one of them being a guy i started talking to, and my step mom said no bc “black boys/men are mean”. then in 2020 we got on the topic of trump and i told her that i don’t understand why ppl like him, i feel physically ill even listening to half the stuff he says and wouldn’t feel comfortable being around him and she said “well it’s a good thing you’ll probably never be around him”. like… where is the concern that he makes so many ppl uncomfortable?",1,0,2026-02-09,False
7584216488057176846,,laxmom0816,"[in a family therapy appt, after being asked to apologize for putting my son in danger] ""get over it"". it led to no contact.",4,0,2025-12-15,False
7586330472444855054,,themarvelousmrssmith,I knew the comments were sad but dang,1,0,2025-12-21,False
7615033603043443476,,gznxka,i’ll never forget the day when my uncle attacked me and my grandma told my sister to lie about what happened when i left. walked home to find my mom laughing at me when i walked in the house crying… still haunts me to this day,1,0,2026-03-08,False
7603125725567124254,,hnsnvma,"i started a new business (3yrs now) and my dad laughed and said how long is this gonna last?! (I guess I'm a job collector- EMT, surgical tech, real estate agent, flipping furniture- none of which I stopped for any other reason except I wanted to try something new and it has never been without financial stability) he has never talked to me like that, I was very hurt.",1,0,2026-02-04,False
7584252746494493454,,nayc1311,when I was pregnant my mother told me she didn't like me dating outside my race (I'm white & my x is Hispanic) but you can't help who your kids fall in love with,3,0,2025-12-16,False
7616066234555613983,,lofivibe_.liah,"Almost didn’t graduate high school because I was working doubles as a waitress to keep the lights on while my mom was pregnant bc her bd left us with nothing. Was still able to get my grades back up , keep my 3.0 GPA, and walk the stage while having to pay for everything all on my own. The day I had to take senior photos my mom looked me in my eyes and told me “she didn’t want to go” I was so hurt and discouraged by those words and till this day I will never forget the look on my grandmothers face when she looked at me🥺my granny got dressed so fast and put in her best wig and took me to take my pictures, I was devastated the entire day! She’s still with him till this day and this was about 5 years ago 😕",0,0,2026-03-11,False
7610767534099415839,,lunaprincessx3,I was 17 meeting my now mother in law for the first time battling things at home she knew nothing about. I was already really nervous being in her big house in a nice neighborhood. She asked me where I live. She said it was on the “wrong side of the tracks” meaning the poor side of town. I spent the next 15 years trying to prove her wrong. She still thinks of me that way and now I’m a grown women I don’t care anymore. But sometimes I still think about it.,1,0,2026-02-25,False
7605438202330432286,,briannaaa013,"My MILs immediate response to my husband telling her my mom had just died and we had to go to her funeral was “not to be cold hearted, but she didn’t come to your wedding and there’s nothing you can do for her mom now.” My late mom and I were rebuilding our relationship and she wanted to be at our wedding but she could not afford the flight and neither could I. And at the time of her death, we had just closed on our home 5 days prior. And I was really sick trying to pack and got called lazy by my MIL and told how “this trip was bad timing” and by trip, my mom’s funeral. I’ll never forget that time.",1,0,2026-02-11,False
7605603009242333983,,nieduh,My dad telling ill never be nothing and ima be a bum the day he kicked me out which caused me to work harder and provide not just for myself but my mom and sister 😚,2,0,2026-02-11,False
7604508224876954386,,broccoli_enjoyer4,"My Dad and Step-mom were talking and I was sitting not too far away from them. My dad was drinking and was talking about my older sister's academic achievements like her being the school's Student Council president and her valedictorian, before turning to me and started lecturing me randomly about how I should study harder (I already am and I'm a consistent with High Honor student but they never cared or bothers about my awards.) so atleast I wouldn't loose my scholarship because apparently I'm not as smart as my sister and wouldn't be able to do and achieve the same things as her... My dad did say that. I cried on the bathroom while my stepmom was telling my dad that he shouldn't compare me and my sister because she's obviously older and that it's just grades, passing is enough and that we shouldn't stress ourselves too much. Very thankful for my Step Mom.",1,0,2026-02-08,False
7604562008431919903,,allgravyybaby,"My dad telling my mom I was the hardest kid to love out of us 3. He didn’t know what to do with me. All I ever wanted was his time, and all he could ever give was material things. I’ll never forgive him for saying that, and I’ll never forgive my mom for being the one to tell me he said that. I could’ve gone my whole life without knowing that",1,0,2026-02-08,False
7605434134450471694,,nonya1343,My sister run me out of our house and stated she prefers her friends. Im done with that.,1,0,2026-02-11,False
7606452541732061959,,delmamaruvawashe,Ndakanzi nasekuru vangu andife ndakaroorwa ndikachema but thank God ndakuroorwa munaApr,0,0,2026-02-13,False
7605381322526458638,,ericacounts00,My dad kicked me out at 17 and said I’d be a burden wherever I went,1,0,2026-02-10,False
7605381443372860174,,mariaericam42,"My father said “I’ll never be a grandfather to your children, the way your grandfather was to you. My grandfather was more like my dad. And my father lived up to what he told me. He does not know my children at all",1,0,2026-02-10,False
7583962810427867935,,tzuzooma,I d rather not say,3,0,2025-12-15,False
7584935015037928222,,unicornuatemama,Was 9 mo pregnant and about to give birth any day (baby was 10.2 lbs) and my mom told me I “needed to run a few laps around the house.” 😩 Calling me fat while 9m pregnant (also turns out had preeclampsia so was SWOLLEN).,4,1,2025-12-17,False
7583913779365511967,,drkim1014,‘Take it back! I don’t want it!’ When I was born.,3,0,2025-12-15,False
7583888312940856078,,siorad2,oh i thought u were someone important - my cousins husband at their wedding. i thought he was joking but deep down maybe he wasnt. didnt want to cause a scene so i said nothing,3,0,2025-12-15,False
7584077909163705118,,aquaandgarnet,"When I was planning my father’s funeral entirely on my own while recovering from spine surgery because my mom was useless in her grief, I made a mistake in his obituary which my older sister (he was married before and had 3 kids) pointed it out and I snapped. She made no attempt to help with anything and I was overwhelmed. She replied with “Well you and your mother may not like that he had a life and a family before you came along but myself and my siblings who were here first, do.”",3,0,2025-12-15,False
7584232879971975966,,steelisthedeal,life is all about perspective 😏,2,0,2025-12-15,False
7613038991852094239,,yanna.essie,"During the height of my ED my grandmother said she loved me more when I was bigger, I’ll never forget or forgive that",1,0,2026-03-03,False
7604815754089825044,,._kiokos2tuff,"""I'm at peace when we aren't talking""😭🥀",0,0,2026-02-09,False
7606450125876462357,,juniclee,That I don't deserve a good life.,0,0,2026-02-13,False
7604887822642807573,,lazysm1,Their way of divorce,0,0,2026-02-09,False
7604955848728888086,,emmagurdz,"On the day of my sister's prom, my Gran turned to me and said ""are you jealous of her because she's skinnier than you?"" Haven't spoken to that woman for ten years now. Last I heard she'd gone blind and was alone.",0,0,2026-02-09,False
7604470889225667335,,m.oniichan,"im 31 and im the breadwinner of the family, when my mom found out i was pregnant to my 2nd one she got so mad. Told me im too bored and instead of trying to be more successful in life, i chose to spread my legs again. When i told her that the baby might not be viable and i have a cyst growing with the baby, she told me i have a choice to abort it why make it hard",0,0,2026-02-08,False
7612523260475245342,,willowluna8,My dad saying I’m not his daughter,0,0,2026-03-02,False
7610082759570146062,,julieee_savage,“I love you but I don’t like you” mind you I was 12 when my mom said this,0,0,2026-02-23,False
7614487966933435167,,hannahhernandez01,My older brother on Thanksgiving told me he was “forced” to like me when I was a kid.,0,0,2026-03-07,False
7605390604944753422,,luvrrd,“youll never be anything in life” - my parents,0,0,2026-02-11,False
7610262899282559758,,lifesatripgorvee,My mom blamed the divorce on me 😂,0,0,2026-02-24,False
7605392894728258317,,xxxina.14,my mom told me she wished she miscarried me instead of the baby she originally miscarried. basically said no child could have turned out worse than me,0,0,2026-02-11,False
7612551397545214734,,ashleyobaga,I wish I could give all yall a hug I’m so sorry ❤️,0,0,2026-03-02,False
7605401134076969742,,lexiii.43,i have a ton of health issues and i’ve had family call me lazy . that really hurts when they don’t understand,0,0,2026-02-11,False
7605422897201005320,,eyeofreina,"A lot of things. And thankfully, I was a ke to forgive them. Life is too short for me to carry hate. At the end of the day, Jesus will literally question them on the day of judgement. That gives me peace.",0,0,2026-02-11,False
7605423650203861773,,southerngrace1,"Grandma said out of all her grandkids I was the least likely to go to college, well I got my masters and I only allow a few family members in my kids circle because we are avoiding generational family trauma",0,0,2026-02-11,False
7605431664659235597,,autismschmautismetc,"My fav auntie, my heart and soul, said my kids were ill-mannered. My kids that write Ty cards, that say yes ma’am and yes sir. All bc their TY card got returned to us (in US) from Paris 3 times. Guess third time is not, in fact, the charm",0,0,2026-02-11,False
7605433198890173197,,kenzielb0,“It’s normal to be jealous of your step children”,0,0,2026-02-11,False
7604329352918303502,,shana.white.76,She wouldn’t keep my kids but kept every other grandchild. Letting their mom die without them. Holding a grudge for something I did but will forgive everyone else.,0,0,2026-02-08,False
7614673173922431775,,emmys.anatomy,“you have nothing to be sad about” that week my grandpa died and i got cheated on so theres that,0,0,2026-03-08,False
7604279237633868577,,nala.ahmet,"When I was five, my sister told me I wasn't her real sister. That's how I found out I had a different father. It turned my whole life upside down, but it also explained all the abuse and exclusion. Through it, I understood that I wasn't the problem, They were .",0,0,2026-02-08,False
7605461737962603278,,almandsjoy,"I forgave it but I was told this when I turned 15. “Congratulations, you’re not pregnant” 😭",0,0,2026-02-11,False
7612878283869307661,,that.shy.gothgirl,"My own mom telling me I looked pregnant in a dress when I very much was NOT pregnant. She’s about 100 pounds heavier than me btw. I love her but that hurt, and it stuck with me.",0,0,2026-03-03,False
7604277247692702486,,mrmiyagisan,"I have a very long list, and coincidentally sky high blood pressure that the doctors can't medically explain",0,0,2026-02-07,False
7604310531843162901,,usernamefound.exe,my mom called me fat.,0,0,2026-02-08,False
7604279237633868577,,nala.ahmet,"When I was five, my sister told me I wasn't her real sister. That's how I found out I had a different father. It turned my whole life upside down, but it also explained all the abuse and exclusion. Through it, I understood that I wasn't the problem, They were .",0,0,2026-02-08,False
7604277247692702486,,mrmiyagisan,"I have a very long list, and coincidentally sky high blood pressure that the doctors can't medically explain",0,0,2026-02-07,False
7604329352918303502,,shana.white.76,She wouldn’t keep my kids but kept every other grandchild. Letting their mom die without them. Holding a grudge for something I did but will forgive everyone else.,0,0,2026-02-08,False
7604243864925504288,,finito1226,My father traveled from Italy to Bangladesh after four years. He brought gifts for everyone even for the children of his friends but he didn’t bring anything for me. i was 4,0,0,2026-02-07,False
7604347048775959318,,nicolaattwood,My father’s last words of wisdom was to tell me he didn’t want me to be a financial burden on my mother and he didn’t want me to come home anymore. My brother was treated like the prodigal son.,0,0,2026-02-08,False
7604348763927266068,,soudog6,"Well, I was the one who said it, and I don't know if they've ever forgiven me but...",0,0,2026-02-08,False
7606077445039129346,,angelahall657,My mother said .. it was the cost days work i ever did having you,0,0,2026-02-12,False
7604383449504482070,,marypro53,many things i can't forget🥹,0,0,2026-02-08,False
7612069309154673439,,justtt.mama,"Mom:“I’m here with you instead of my boys”, “I’ll just ship you somewhere” im the youngest and adopted so I already didn’t feel like I fit in",0,0,2026-02-28,False
7604470889225667335,,m.oniichan,"im 31 and im the breadwinner of the family, when my mom found out i was pregnant to my 2nd one she got so mad. Told me im too bored and instead of trying to be more successful in life, i chose to spread my legs again. When i told her that the baby might not be viable and i have a cyst growing with the baby, she told me i have a choice to abort it why make it hard",0,0,2026-02-08,False
7604525149971858177,,amorette016,my mother told me that she got to choose who I considered my family and who I could love bc she made me. it was over my bf of 3yrs at the time coming to christmas when both of my siblings were bringing their much more recent SO. Anyways we don't talk any more and that bf is my husband👍,0,0,2026-02-08,False
7604533603712992014,,rachh1120,I had an aunt tell me to stop eating bread and I would lose weight. I was in middle school 💔,0,0,2026-02-08,False
7604659646120903454,,livvy_rat,"My Uncle commented to my dad at my sisters wedding, “your kids weddings can’t be as nice because you had so many kids.” She’d chosen to save most of the money my parents gave to go on a long honeymoon to Hawaii because that’s what was most important to her, so it wasn’t a super fancy occasion. This was coming from the man that charged people for food at his wife’s surprise party.",0,0,2026-02-09,False
7604670131415024404,,manhwasbee,“You’re unlucky for me” thanks mom,0,0,2026-02-09,False
7604685037866976013,,thefauxjellyfish,"My grandma said after I fixed my teeth, “now if only you’d lose weight you’d be beautiful”",0,0,2026-02-09,False
7604704350057415438,,saintedfngs,my parents called me an experiment child at dinner and said they knew they treated me differently than my younger brother because they needed to see the difference in reactions.,0,0,2026-02-09,False
7604745388847383327,,maggietaylor01,i was casually eating at my brother’s 1st birthday party (he’s 17 years younger than me) and my uncle walks up to me and makes a whole scene about how “he didn’t know i actually ate”. he’s a licensed counselor and i’ve struggled with disordered eating since i was in middle school,0,0,2026-02-09,False
7583896295443448607,,ambertimothy1325,It’ll be hard to forgive my ex for dragging the divorce along,3,0,2025-12-15,False
7583854404743316254,,matthewgibson252,"No matter what was said I will forgive them, since it helps me and them, and I will also set healthy boundaries to protect my family.",3,0,2025-12-14,False
7584456463125742391,,mudro45,them voting for him,4,0,2025-12-16,False
7584500581860000526,,beckaboo_3,"I was seriously sick (found out later that I had a doozy of a case of heat stroke) so I asked my In-laws if they could bring my son and happy meal because I could stand up. Their response was ""welcome to parenthood!"". I somehow managed to feed my son and put him down for a nap before collapsing. My husband came home to find me passed out cold on the hallway floor and our son crying in his crib. In-laws deny ever saying that and I never asked them for anything again.",4,0,2025-12-16,False
7586328844116214541,,lizzyjo04,my step dad told me I was a cancer to the family and that the only way they would thrive is if I wasn't around. He was mad that I was trying to know my bio dad after my mom kept me from him my whole life.,4,0,2025-12-21,False
7600453024750961439,,bulldogrescuer,Called my mom on speakerphone with my son in the room to tell her we were finally pregnant again. She said “I can’t say I’m happy for you!” That was the last time I ever spoke to her. The baby is 20 years old now,4,0,2026-01-28,False
7600090702425178900,,9797life9797,my aunty called my cat ugly,17,3,2026-01-27,False
7600008472803017492,,neil4k4,my mom blaming me for my grandmother's death 💕,1,2,2026-01-27,False
7600127251887309589,,yotilol,My parents'decision about whose family side energy I give because of my coldness ends up arguing then it's end with I've it all from both sides that's why I'm too cold 😒😒,1,0,2026-01-27,False
7611333652631012127,,nasty_otter,my grandmother called me a classless tramp when I was in 8th grade because I posted a picture of me wearing abercrombie white shorts,0,1,2026-02-27,False
7607981571139912479,,_amapolas.05,My paternal aunt admitted to me that after my dad passed away she always blamed me for his death and said I never really cared for him because I was too worried trying to leave my house. I was 17 and grew up in a conservative Catholic household. God forbid I try and make my own future in their eyes.,0,0,2026-02-17,False
7609582994529583885,,mommycerina5,I was adopted. My adoptive mom made it seem like my biological mom did drugs and she didn’t want me. Turns out my mom has been trying to get in contact with me since I was 4( when I got adopted) she kept all the birthday cards she sent to me away from me from my biological mom. I could have no relationship with my biological mom and she said “one day you’ll understand when you’re a mom” I still don’t understand and I’m a mom. Also I was not allowed to wear bikinis when I was a teenager because my mom was afraid what my brothers might think.,0,0,2026-02-22,False
7610192275369591573,,floogrunberg,"when i tried to kms, my mom started to yell at me, furious, and told me i would never be able to become a doctor",0,0,2026-02-23,False
7612524639324472094,,lindanet,My mom basically telling me my dad deserved to die,0,0,2026-03-02,False
7615222687070552863,,caramil.la,"My grandfather always calls out my grandmothers body… “expanded over the years” “her butt was bigger back then” and she definitely internalizes it but seems so numb when she’s clearly externalizing it and it rips my heart in so many directions… she’s so beautiful and is pretty much the strongest provider of our family, she cooks and cleans up after him every single day…",0,0,2026-03-09,False
7612789621760541462,,ummmyeahhhii,My dad told me I’d embarrassed him because I had a panic attack at my first job which was a 9 hour shift in a busy kitchen when I was 13. He literally said “you’ve embarrassed me” my throat instantly closed up lol,0,0,2026-03-02,False
7616694114398634783,,sjsjsrkrkcz,my aunt told me my attempt should’ve worked 🫩,0,0,2026-03-13,False
7611318010942980894,,gabby.laubsch,my mother has called me the scum of the earth,0,0,2026-02-26,False
7615410242868298509,,iluvxmascookiesnmilk,When my dad was about to off himself he texted my brothers and mom a love you bye text. But never sent one to me. Luckily hes still around and were bonding more now but i still feel hurt by that,0,0,2026-03-10,False
7605505039842853663,,crystal_bxtch,"My mom said that my dad would be disappointed in me, I went my whole life not knowing my dad bc he died of an overdose when I was 2. All I’ve ever wanted was to know him and get to know he was proud of me. Hearing that from her broke something in me, still does to this day",0,0,2026-02-11,False
7611526959805252366,,riahtherad,That I basically imagined my abuse growing up that I still have physical scars from at 33 years old.,0,0,2026-02-27,False
7611529457929962254,,savvcx99,"Oh boy that I was lazy and a psycho. Lazy because I worked a part time job, went to school part time, and a full time mom. That I only work ‘ 3 days out of the week’ and they worked more and had 3 full time jobs while being a mom. Mind you it’s what worked for us and I could afford my portion of the bills working part time.",0,0,2026-02-27,False
7606021402135642900,,big_benandsam,"My aunt, just had a nervous breakdown. Came out of hospital and was told, if I had the space I'd buy your white leather lounge suit. I had lost my job, placed in curatorship.",0,0,2026-02-12,False
7611640769989116703,,daofficial.rhi,I went to jail for probation violation and my dad told me over the jail call that “it’s a vacation when I’m gone”. Mind you I was 12 years old and I’ve never forgotten how that made me feel.,0,0,2026-02-27,False
7606039300044751646,,octo_t1t,When my mom said an 18 year old girl needs to hurry up and get over the death of her mother.,0,0,2026-02-12,False
7606094899720766230,,nikolagoliasova,"i was mad at my mom. we went on holiday together but she and the rest of my family and relatives got really drunk and i blamed my mother for something. she then i cried and my aunt gave me this speech of what a horrible person i am and she ended it with the words "" your mom told called me, crying, every night. do you know what she said one time ? that she wishes she would die from that cancer she had, so she wasnt there to make you suffer "" i was 12 at that time",0,0,2026-02-12,False
7606098893613728519,,amysavannahhhh,"My family never made the effort to travel to my wedding (in Australia) even though I offered to pay for their tickets. They didn’t want to go through the passport process out of pure religious psychosis paranoia. When I had my daughter I thought maybe that would be enough and they’d do it for her - my mom told me she could only come for 3 days if I paid for her tickets- because my dad wouldn’t be able to survive that long without her (he’s perfectly healthy) so I couldn’t justify paying $4000+ just for her to come for only 3 days, it would be a financial burden and absolutely no help, which is what I really needed, it would really just serve her, at no cost to her at all - so I said no. I had deep PND and ended up in hospital with nobody there to help me care for my baby while I recovered from childbirth. When you have a baby you really do crave seeing them connect with your family and be loved by your family, but I’ve never had that. She’s 7 now, they still haven’t made the effort to come see her, and I could take her to see them now, but I won’t, because they wouldn’t when I needed them.",0,0,2026-02-12,False
7617125703004291871,,808_tay,My twin telling me I was digging a hole and trying to drag everyone down with me because I was struggling and was asking for support and kind of lashed out when he reached out to my dad and he got mad at me for having SI even though I try and do everything I can to support him. It was only 5 or 6 months after my attempt that got me hospitalized and I was still was trying to figure out life afterwards. I struggle to let anyone in when I am struggling with SI (very rare now luckily) or self harm urges.,0,0,2026-03-14,False
7604281583373435670,,missrab0,I was “asking for it” when I got sa 🙂🙂🙂,0,0,2026-02-08,False
7606117104693969686,,slimjadey93,My womb donor wished me dead. It’s been 6 years of no contact now. The most peaceful 6 years of my life ☺️,0,0,2026-02-12,False
7606126581262385942,,mariam.lwn,"I feel that I am not pretty enough and that that will prevent me from having a partner or achieving many things. Today I told my mother and, instead of making me see that maybe I was wrong, she just nodded, which made me feel even worse. Since I was little I have suffered mockery, harassment and racist insults, and although some people tried to console me, that feeling of not being enough never disappeared, not even in family moments as simple as the photos, where many times it seemed not to count.",0,0,2026-02-12,False
7606126581262385942,,mariam.lwn,"I feel that I am not pretty enough and that that will prevent me from having a partner or achieving many things. Today I told my mother and, instead of making me see that maybe I was wrong, she just nodded, which made me feel even worse. Since I was little I have suffered mockery, harassment and racist insults, and although some people tried to console me, that feeling of not being enough never disappeared, not even in family moments as simple as the photos, where many times it seemed not to count.",0,0,2026-02-12,False
7617125703004291871,,808_tay,My twin telling me I was digging a hole and trying to drag everyone down with me because I was struggling and was asking for support and kind of lashed out when he reached out to my dad and he got mad at me for having SI even though I try and do everything I can to support him. It was only 5 or 6 months after my attempt that got me hospitalized and I was still was trying to figure out life afterwards. I struggle to let anyone in when I am struggling with SI (very rare now luckily) or self harm urges.,0,0,2026-03-14,False
7606128348490908449,,ireneresearch,I wanted a boy (sorry mom!),0,0,2026-02-12,False
7615848010677109518,,greciaa977,Always being criticized especially for my looks. I hate it. How do people who claim to love you also like to comment on how flawed you are. And then say they are just trying to help. I don’t need you to point out how fat I am in order to help me. I know I gained weight I had a child.,0,0,2026-03-11,False
7605312073879126792,,el_matador965,😭,0,0,2026-02-10,False
7611500658601526047,,cadencesimone_,@,0,0,2026-02-27,False
7586495931932082974,,thedailydogwalker,"""I don't regret voting for him."" After I explained how I would have died in Texas with the kind of miscarriage I had after Roe v. Wade was overturned.",5,0,2025-12-22,False
7603655727757345557,,kreykre8,"me and my mom had a fight, my mom kinda has an anger issue so during the fight she tried to choke me and said ""I will kill you"" but my sister was there and she managed to separate my mom from me and called dad",0,0,2026-02-06,False
7583923557879137055,,fronxx443,They want me to die alone in a hospital bed. Don't have the courage to tell you who said it.But it hurts.,2,2,2025-12-15,False
7614336073698886430,,joemomma0242,XO,0,0,2026-03-07,False
7605351312683614998,,zedanullah,@,0,0,2026-02-10,False
7605390437675778846,,hannamoore12,my mom said that me and my siblings are the reason she was having suicidal thoughts. meanwhile we were trying to get her mental health help because she was in psychosis,0,0,2026-02-10,False
7604251238809240350,,happilyevercrafter0212,"""Oh I thought this baby was just another accident"" to my boyfriend when I was pregnant with my second his first",0,0,2026-02-07,False
7604294867569738510,,almondjoy570,My mom told me to write more yk notes at 14 years old,0,0,2026-02-08,False
7604318368644055822,,user19484744839,when i was 12 my grandparents admitted to not loving me and that i was the reason my family had so many issues and they still talk about me to my older sister how im just a b*tch. All because my sister told them when she was little she didnt feel as loved at home because my baby brother was just born and they blamed it all on me.,0,0,2026-02-08,False
7613107286801957662,,netteflix_and_chill,"my ex husband told me “you’re different. Your body just doesn’t turn me on like it used to.” Mind you, this was days after I gave birth to our second child…I was freshly postpartum.",0,0,2026-03-03,False
7613232248053957407,,pinkhaired_brat,When I didn’t graduate highschool w the rest of my class due to my drug addiction and a heinous rumor going around my cousin called me a fucking loser in front of my whole family during dinner. Idk maybe he was right but it still makes me feel a way.,0,0,2026-03-04,False
7604395957460419341,,vbck24,many things that make me look at myself now and say “well i am the failure they said i would be”,0,0,2026-02-08,False
7604478505766028062,,rachelllstanley,My great aunt spoke negatively about me to another family member when she learned I was pregnant stating I would end up like my mother and would never be a good mom. That I would just “party” and that I was a whore for being unwed. I confronted her about it because I overheard the conversation and was told I was lying. I completely cut her out of my life. My son is better off not knowing her.,0,0,2026-02-08,False
7613399432139719455,,nene405923,My brother died from an od and my mom told me i was just like him once..,0,0,2026-03-04,False
7604607726395785998,,ohheylex97,"Not necessarily something that was said. My uncle was release feom prison when i was 12. He was a registered child offender. He wasn’t supposed to be alone with anyone under 17, i made it known I was scared to be left alone and my mom still left me. He attempted me at 12 and my mom didnt believe me.. hes been back in prison since then. He touched his gfs kids that summer",0,0,2026-02-08,False
7586044905556230942,,tarasavarese,my mother called me a whore when i was 13 for having red lipstick on. i wasn’t even segually active 😭😭😭,220,6,2025-12-20,False
7603610236684780308,,viriato879,“Youre going to end up like your uncle” he took his own life btw,9,0,2026-02-06,False
7586415508347142943,,emisban102,My mom saw me getting dressed one day and saw i had cellulite on my thighs and gasped and said “im 40 and i don’t even have cellulite” i was 12. Another time at 18 i had gained 20 pounds and she told me i was starting to look like a “senora” (old woman) body and that i had a “senora body”. I was only 170.,6,1,2025-12-21,False
7595346621141271309,,_nayelihatesu,"During an argument on abortion my brother said if I ever got pregnant he would tie me down and force me to have the baby, I’m a SA victim.",8,0,2026-01-14,False
7586195882853843726,,inurlockett,"sister said “your b00bs are bigger than mine” when I was 10, I’m a guy who has struggled with insulin resistance my entire life, I’m a healthy weight and am very active but I’m still not comfortable in my body and definitely not my chest. Don’t think I ever will be",11,0,2025-12-21,False
7604283980863865614,,angela.sullivan28,My grandparents said that didn't feel well enough to make the trip to my little sister's funeral. She was only 22 years old and my heart broke for my dad. A few months later they drove even farther across the states to their other child's highschool graduation.,0,1,2026-02-08,False
7583816078629028622,,kweaver764,One of my siblings said to me when her 4 year old son died…..it should have been your son that died…because she said she did everything right in life.,2,3,2025-12-14,False
7603585544312800013,,theworldkeepspinning,my mom told me to kms on my 12th bday.,4,0,2026-02-06,False
7602547670271558416,,jarkarakerr,"My dad would hit/abuse my siblings and I and tell us ""Just be grateful I don't molest you like my father did to me""",4,0,2026-02-03,False
7604110286770242334,,lbroski1,My grandma gave me diet pills for my 12th birthday 💔,4,0,2026-02-07,False
7584118584931975949,,jack1234567i901,suicides dont go to heaven after my brother took his own life,3,1,2025-12-15,False
7615842458900103953,,librairie.acces,"WoW the comments, Jesus! A lot of parents dont want their kids to succeed. They crush their self-esteem and call them a failure. They only project their own insecurities.",1,0,2026-03-11,False
7604523349985035021,,suzy.inprogress,My sister in law said that the next time I try to kms she hopes I’m successful.,2,0,2026-02-08,False
7604311088692658975,,theborilioness,You made two mistakes.,1,0,2026-02-08,False
7605445227079418638,,gmoguelgarcia2350,My mom told me I was lying the first time I told her that my stepdad raped me(I was 6) making me scared the last time he touched me(I was 16 and only told because he SA my little sister),1,0,2026-02-11,False
7604989873472602894,,authorofworlds,"My dad told me we need to go back to burning gay people at the stake. I’m gay. Coming out to him was one hardest things I’ve ever done, and while he took it better than expected (aka didn’t scream at me or cut me off), I don’t think I’ll ever forgive him for basically telling me that he wants to see me, my girlfriend, and so many of my friends die.",0,0,2026-02-09,False
7605192488479163156,,user569307350,"i have underdeveloped left hand, my aunt said nobody will marry me.",0,0,2026-02-10,False
7605431475588973326,,babybastard,This Saturday I told my mom I finally applied to college (I’ve been addicted to dr*gs from a very young age and got clean this past year.) I told her my plan was to hopefully get my doctorate so I could become a veterinarian. She laughed in my face and proceeded to make fun of me for like 5 minutes. I wonder if maybe she’s right to laugh.,0,0,2026-02-11,False
7605435145554182925,,melsamanthax3,"My dad and I went to the mall, walked past Lane Bryant, and he said “if you keep eating the way you are, no man will ever want you”.. I was maybe 13 or 14? I’m now the smallest person in the family, married and STILL think about those words",0,0,2026-02-11,False
7604242358969172750,,i_want_tandy,It’s what they never said. “I love you.” “I’m proud of you.”,0,0,2026-02-07,False
7604258179052274445,,vatos.gfs,My mom called me so many names and told me she wished she never had me and how she disowning me and that I’m not her daughter no more and will never will be…my grandma was outside the door banging and begging my mom to unlock the door and to not touch me and once my mom left I ran to my grandma and cried in her arms so loud she cried with me and held me so tight and said it was never my fault I was barely 16 she already had left my siblings and me for another man I don’t talk to her like that no more I don’t even wanna be around her at all. I’m 19 gonna be 20 in the end of April… I still feel the pain of that day,0,0,2026-02-07,False
7604283992196891414,,nesstheenby,he told me I would get osteoporosis and would be fired from my job because I am trans,0,0,2026-02-08,False
7606038113291518751,,octo_t1t,"When I told my dad that “the law of abortion only in case of grape sounds sensible right? But they only allow abortions up to 10 weeks, and the woman has to prove in court she was grapes in the first place. What criminal court case do you know has concluded within 10 weeks? She’d be forced to give birth anyways” his answer was “well that’s just the consequence. You should be smart about who you’re going around”",0,0,2026-02-12,False
7611954700468454157,,drisanivera,"my great grandma, years before passing on, said to the family ""im really going to miss you all when i die. cause you all are going to hell"" bc we supported my lesbian aunt😭🤣 rest easy, gma❤️‍🩹",0,0,2026-02-28,False
7604352109018743582,,thatboydaviid,"My entire family I’m talking aunts, cousins uncles nephews nieces. Essentially everyone had come up for the holidays and we’re all stuffed inside of my aunt’s relatively big house and I don’t mean my mom‘s sister. I mean my grandmother‘s sisters so like a great aunt when my mom‘s sister Decides to curse me out drunkenly and bully me I mean, toss me around getting in my face essentially spitting on me all while I’m like 13/12 and it was all behind a lie which people told her it was a lie and she still chose to continue because she wanted to snap on me because she felt like I was gay and she’s very homophobic mind. She’s a big woman and she knows how to fight very well. None of my older cousins the adults stored up for me or said anything only people that said something with the other children, and it was only a few of us because our older cousins have lied on me and said I said something that I did not say it was one of my older cousins so I spent the rest of my night getting berated and tossed around and it’s very traumatizing and I still hold onto that to this day. I’m turning 30 this year.",0,0,2026-02-08,False
7612088077745554207,,lilidakween,Step mom called me “disgusting white trash” bc I used food stamps. While I was pregnant w my son…,0,0,2026-03-01,False
7604539737583469326,,lowerlevel1352,My little brother told me to go kill myself knowing I was having trouble with those kind of thoughts,0,0,2026-02-08,False
7612172716187321101,,summerlover8571,I had a medical abortion due to the baby dying and had induction pills after trying for a year (wanted the surgery but due to abortion ban I was denied it) and my mom was the one who had to be the one to take care of me bc my husband was out of the state due to work (we were moving states) and anytime I have cried about my mental pain she says “well I’m also traumatized” or “we’re both messed up from it” but when I started bleeding in the Walmart bathroom for the first time (she works there) I walked out of the stall holding my blood covered pants to all of her coworkers and her staring at me like some sort of zoo animal… I lost my baby and was put on display for basically my whole town to see but somehow she’s also just as traumatized …,0,0,2026-03-01,False
7614990904542659358,,emilyyschott,"i gained some weight and was going through a really hard time and starting new meds for the first time. i took a photo w my grandma one time and she posted it on facebook, my mom replied “how long has emily been pregnant? how far along is she?” i only put on some weight. i wasn’t pregnant.",0,0,2026-03-08,False
7613826080030294814,,no.this.is_patrick28,"my mom called me and said ""I thought I raised you to be generous but I guess not, im really dissapointed you haven't expressed any gratitude nor did you offer me any money when you got your taxes for watching your child"" mind you she offered 100% to watch her grand child cause she knows day care is expensive and knows my financial status, i tell my mom everyday how grateful I am for helping me watch my daughter while I work,and though I struggle financially I do treat her out or make sure she's good when I have it, this was my first time getting a fair amount of money back from taxes, in which i paid bills and stocked up on baby supplies. but because I didn't give her my money im suddenly not raised right. i will always love my mom and like any other parent she gets on my nerves but this one definitely made me look at her different and take a step back, my mom was always like a bestfriend to me but after i got married and had a child she's low-key becone really mean towards me, im not sure why, id like to believe im a very generous person seeing as i just smile and love her through the hurt. one day it will be okay 😌",0,0,2026-03-05,False
7583809487783117581,,myconsciousness7,I don't let what people say to me that's not beneficial carry weigh in my life. I can't think of anything. I don't play about words anymore. Be careful who you hold in high esteem in your life because you give them the power to break you. We can honor those we love without putting them on pedestals. Guard your heart. Forgive for you.,2,0,2025-12-14,False
7585737993101902606,7585334639180956447,honey0597,Totally valid response on your part!!,3808,0,2025-12-20,False
7585783118629454647,7585334639180956447,mayrizzzg,his computer needs to be checked,3256,0,2025-12-20,False
7586093506504000270,7585334639180956447,samistheman123442,Dude you have Google,0,0,2025-12-20,False
7586093636975428366,7585334639180956447,isabellachiara,yes?,1,0,2025-12-20,False
7585863515963048735,7585334639180956447,pinkgrippysockss.harper,Girl I am PM you PLEASE RESPOND 🥰,0,0,2025-12-20,False
7586147732773307150,7585334639180956447,sjzoeuhdcn4,That’s absolutely disturbing.,0,0,2025-12-21,False
7584177700429972254,7584101140989936439,d273407,You should have told her “ you’ve now lost 2 children and 2 grandchildren “ and left.,14383,0,2025-12-15,False
7598994309773394718,7584101140989936439,xanikh,what the fu-,4,0,2026-01-24,False
7587457577781986078,7584101140989936439,soryrysu,hopefully you never spoke to her again,1,0,2025-12-24,False
7585968508317074190,7584101140989936439,fsgfatal,She'd never see me or my kids again,1,0,2025-12-20,False
7584984151721673486,7584101140989936439,aprilchapman97,I’m in pain for you hearing this 💜💜💜💜. Always remember God loves you deeply 💜💜,1,0,2025-12-18,False
7584906874996032269,7584101140989936439,tallredhead22,You did not deserve that … I am so sorry,1,0,2025-12-17,False
7606135729500275487,7584101140989936439,zoe.lizzyy,I’m so sorry love ❤️,0,0,2026-02-13,False
7606015071168545552,7584101140989936439,yohannasaenz_,wtf no 😳,0,0,2026-02-12,False
7594612067787014925,7584101140989936439,marvelousmabs766,I had to laugh . My mother looks like Denethor .,0,0,2026-01-12,False
7590578930412765965,7584101140989936439,yeoncj,wow,0,0,2026-01-02,False
7588987083524817694,7584101140989936439,erikaloha_,"What a disgusting comment to make!!! I’m sorry she spoke to you that way, that’s absolutely not ok",0,0,2025-12-28,False
7588645156787274510,7584101140989936439,derpalicious.xd,the way she would’ve been on the ground so fast bro i swear😭,0,0,2025-12-27,False
7587226432008504095,7584101140989936439,justgreat70,Damn!,0,0,2025-12-24,False
7587161306441188127,7584101140989936439,zozazo3x,You’re no contact now I hope,0,0,2025-12-23,False
7586250250932585247,7584101140989936439,peebuger,"Mothers obsession with their sons need to be studied, it's so gross",0,0,2025-12-21,False
7586188698691339022,7584101140989936439,mollyborski938,I am so sorry 😞 I can’t even imagine how hurtful that was—especially in front of your children.,0,0,2025-12-21,False
7586115363591422751,7584101140989936439,aprile3590,I am so incredibly sorry.,0,0,2025-12-21,False
7585779049906701069,7584101140989936439,mo_lyssa,I’m so sorry 🥺💔❤️‍🩹,0,0,2025-12-20,False
7585432134018941710,7584101140989936439,gwenthornton71,😒😒😒😒 plz never speak to her again,0,0,2025-12-19,False
7585365596667527966,7584101140989936439,lifeofaveee,she has lost her complete mind !,0,0,2025-12-19,False
7585267858130535199,7584101140989936439,user3429437298278,"oh, no",0,0,2025-12-18,False
7584988662409167630,7584101140989936439,catherinecasey462,Oh girl. Please stay away from her. That was sick on her part. Accept no apologies. Just stay away,0,0,2025-12-18,False
7584537364249215774,7584101140989936439,xxxxsocialdistortionxxxx,,0,0,2025-12-16,False
7584127525207999245,7584101140989936439,kayloveandrea,omg,0,0,2025-12-15,False
7600259691470078750,7584101140989936439,jazzdiamond0,bc alot of dopeheads say shit like that to make people think it wasn't ALL thier fault. understand now???,0,0,2026-01-28,False
7584458078461248270,7584101140989936439,user4599148394612,I'm sorry that happened God loves you too,0,0,2025-12-16,False
7585683263705809678,7584101140989936439,beautiful.goddes1,This is sick omg,1,0,2025-12-19,False
7585822357517943582,7584101140989936439,quay4pres,Please tell me you are n/c,0,0,2025-12-20,False
7585174003758662430,7584101140989936439,britt47shawtyyyy,WOW🥹 I hope you cut her off and I hope your doing better mentally 💗,0,0,2025-12-18,False
7584837708805260063,7584101140989936439,cocoa611,OMG THATS AWFUL 😭💔💜,0,0,2025-12-17,False
7584407326779573005,7584101140989936439,garyboyce01,Wow awful,0,0,2025-12-16,False
7586077745265935135,7584101140989936439,1908troubleinrivercity,😳💔,0,0,2025-12-20,False
7585963168448021279,7584101140989936439,questedd,🙏🫂❤️‍🩹,0,0,2025-12-20,False
7585346427442938654,7584101140989936439,geylis3,😳🫣😔🫂,0,0,2025-12-18,False
7585167894292726542,7584101140989936439,prettyflamingors,😳,0,0,2025-12-18,False
7584987658419864375,7584101140989936439,meechie_450,🥺🥺🥺🥺,0,0,2025-12-18,False
7584661506875212574,7584101140989936439,goddessofkronos1,🥺❤️‍🩹,0,0,2025-12-17,False
7584359995745518366,7584186505221505805,imobesefromeating,cant disagree with your sister.,1395,0,2025-12-16,False
7600707866752238356,7584186505221505805,jas17227,embarassing.,6,0,2026-01-29,False
7600708016644670228,7584186505221505805,jas17227,"didnt realise assaulting, torturing, kidnapping, raping and murdering members of the public was ""helping""",0,0,2026-01-29,False
7600707786239132437,7584186505221505805,jas17227,"no you're a pig, and she was right.",0,0,2026-01-29,False
7599722170101711637,7599694411146117895,s.ttt346,They were right bro 💔🥀,2046,0,2026-01-26,False
7600398418699141905,7599694411146117895,johnyaelbriones,,295,0,2026-01-28,False
7599867950678409985,7599694411146117895,sefxr1,it's a joke,581,0,2026-01-27,False
7604383736226251542,7599694411146117895,marypro53,🤣🤣🤣🤣🤣,4,0,2026-02-08,False
7599769012025525012,7599694411146117895,birungidonna,43 is way too young to start working 💀,101,0,2026-01-26,False
7599739177927901973,7599694411146117895,thenicagirl,"That is not right, how could they 🥀🥀🥀",34,0,2026-01-26,False
7599831345020683015,7599694411146117895,lmaosametbh_,You were just a baby 😢,25,0,2026-01-27,False
7599971448741479189,7599694411146117895,antipodeanbibliophile,"I hate to minimize your pain, but my mother decided to stop buying me Easter eggs because I was ""34"" and she ""preferred to spend her money on Easter eggs for my child"" 😡😭",14,0,2026-01-27,False
7599995666602246928,7599694411146117895,xoxoivy,must’ve been so hard 💔,11,0,2026-01-27,False
7600144481362428690,7599694411146117895,anita_sleep,That’s verbal abuse 😳 I hope you’re ok!,7,0,2026-01-27,False
7599831420626027282,7599694411146117895,jenne..xx,Bruh wtf 😂😂😂,6,0,2026-01-27,False
7599999787619091218,7599694411146117895,tshepi8123,sending hugs😭,5,0,2026-01-27,False
7599753443422634772,7599694411146117895,knox0026,,5,0,2026-01-26,False
7599955394233041672,7599694411146117895,tibu_mamba,how insensitive,2,0,2026-01-27,False
7600743355299283729,7599694411146117895,daisy.1812,@𝓻,0,0,2026-01-29,False
7600744458585539349,7599694411146117895,judethedude010,I’m only 67 🥀,1,0,2026-01-29,False
7600741793596228370,7599694411146117895,0umaima111,rude,1,0,2026-01-29,False
7600486872070865694,7599694411146117895,lajdosnai,Legit you sound like my aunt,1,0,2026-01-28,False
7600408537151800096,7599694411146117895,kyki.solmyki,💔🙏I'm sorry to hear man,1,0,2026-01-28,False
7600325833194619651,7599694411146117895,shhhh2016,"Heartbreaking, how dare they",1,0,2026-01-28,False
7599934078150247186,7599694411146117895,itzcraazy,Noo that’s too young 🥺,1,0,2026-01-27,False
7614633813897970462,7599694411146117895,sd.2004,"""30 is not old im still a kid"" 😭",0,0,2026-03-07,False
7612320307839664926,7599694411146117895,crybabyvvirgo,@❦ 😭😭 u,0,0,2026-03-01,False
7605875429556585237,7599694411146117895,my_spring1,this one hurts,0,0,2026-02-12,False
7605427340499682061,7599694411146117895,beyondtheequestri,'you have to fill out unemployment NOW' let me breathe and I already did most of it earlier. I'm 22 and feel like I'm about to get grounded.,0,0,2026-02-11,False
7604620797730947861,7599694411146117895,wtfishappeningandwhy,"omg, you were just a baby. 43 is too young for the workforce 😭",0,0,2026-02-08,False
7603194516812530462,7599694411146117895,littlebunnyinabigworld,“You’re giving up on our boys.” “THEY’RE 40?!” - this is giving step brothers,0,0,2026-02-05,False
7603014448034874132,7599694411146117895,dsaintc,Me at 31 🤣🤣🤣 Let me breathe for a moment!!!,0,0,2026-02-04,False
7602992322321695495,7599694411146117895,joyresign,Uhm,0,0,2026-02-04,False
7600819920590586642,7599694411146117895,honeydongdong8,"that's too bad sorry, here in Mars you'll get to work when you are already 100 years old.",1,0,2026-01-29,False
7602263556301751047,7599694411146117895,am_in_your_walls.com,,0,0,2026-02-02,False
7601883052248023816,7599694411146117895,k81633678,Might aswell not at this point,0,0,2026-02-01,False
7600941448229602078,7599694411146117895,ekath99,Poor innocent 😭😭😭😭😭,0,0,2026-01-30,False
7600830435794813726,7599694411146117895,mommaduck04,damn that was harsh. are you ok? 🥺,0,0,2026-01-29,False
7600640658266145543,7599694411146117895,mekashikuto08,🤣🤣🤣What,0,0,2026-01-29,False
7599960734647550727,7599694411146117895,rshowdmh,You still have time,5,0,2026-01-27,False
7600053414575424276,7599694411146117895,whodoesntluv_ava,U were so young…im so sorry 😞,2,0,2026-01-27,False
7604391777538409246,7599694411146117895,artismycrackk,You just a baby and they saying slurs💔,0,0,2026-02-08,False
7600166626654618375,7599694411146117895,256fave23,you wanted to get it at 60🤔,0,0,2026-01-27,False
7612316626381308703,7599694411146117895,brittneyjoeline,@SK,1,0,2026-03-01,False
7611745975682646815,7599694411146117895,isamaximillian,@max boyyyens,1,0,2026-02-28,False
7600122520373035796,7599694411146117895,fijiiairways_,@kirsty @` @bella,1,0,2026-01-27,False
7599771822951318289,7599694411146117895,dj.william.p17,😂😂,1,0,2026-01-26,False
7613459982432486175,7599694411146117895,appleuser29533662,😂😂,0,0,2026-03-04,False
7611698928887530254,7599694411146117895,lexsfunhouse,😂😂😂😂😂😂,0,0,2026-02-28,False
7604359677371220749,7599694411146117895,mannyc074,🤣🤣,0,0,2026-02-08,False
7603107881312191245,7599694411146117895,thomdav66,😭😭,0,0,2026-02-04,False
7602907251217335062,7599694411146117895,shbz36,🤣,0,0,2026-02-04,False
7603107881312191245,7599694411146117895,thomdav66,😭😭,0,0,2026-02-04,False
7602907251217335062,7599694411146117895,shbz36,🤣,0,0,2026-02-04,False
7600601065700983582,7599694411146117895,blackmagicwoman277,😂😂😂,0,0,2026-01-29,False
7584214691291923213,7583911220853195550,bourbon_books_and_brenda,"The night before my birthday, I spoke to my mom and tried to explain to her everything about project 2025, how everything would affect me and the words that I’ll never forget “ I’m comfortable with my vote” after I told her",1821,0,2025-12-15,False
7600708405519860501,7583911220853195550,jas17227,what a wanker,0,0,2026-01-29,False
7600708291262825236,7583911220853195550,jas17227,was your mom sleeping with your ex? honestly sounds like it,0,0,2026-01-29,False
7599649253430854407,7599630929364304648,oscarxu10,Max sensitivity,307,0,2026-01-26,False
7599651181220446984,7599630929364304648,tiacathcart_,u rly thought that was hard huh,1402,0,2026-01-26,False
7600159652915446549,7599630929364304648,samj20.10,hes not wrong,14,0,2026-01-27,False
7600161006879408914,7599630929364304648,itsyourgirlyuki_,people lost humanity ig,161,0,2026-01-27,False
7600161254157583124,7599630929364304648,samj20.10,"you lost your will to prove them wrong, just work hard gng thats what i did when no one believed in me, your just proving them right. Unless you plan on being succesful in some otherway then nb",44,0,2026-01-27,False
7600196020462519048,7599630929364304648,tiacathcart_,Prime lil mosey straight ahh btw,2,0,2026-01-28,False
7600224710333760263,7599630929364304648,itsyourgirlyuki_,well I'm trying as hard as I can yet still doesn't please them.,20,0,2026-01-28,False
7600295261860561671,7599630929364304648,pr1ncess_mona,guess what people process things differently just because YOU dont feel that way doesnt mean THEY dont.,70,0,2026-01-28,False
7600381056520487702,7599630929364304648,em1ew,"If you are already not feeling great, that is the nail in the coffin… you have no idea What people Go through. What is motivation for you, Can be the final straw for others….",42,0,2026-01-28,False
7600471551783912209,7599630929364304648,ch_e_esee,"I've been there man. but u should learn that in the end ur not doing this for the, ur doing this for urself and ur future. don't let their words put u down, do ur best because u must for UR future, not theirs.",1,0,2026-01-28,False
7600511197204513567,7599630929364304648,bnthat.06,Why would you spend YOUR life tryna please THEM get a grip and prove them WRONG !! All your doing is showing them they were right do something different,1,0,2026-01-28,False
7600540156479816466,7599630929364304648,.alexistence,"the most important thing is to try hard to live a life you're comfortable in. other people have their own needs, focus on what you want to succeed in and try to. dont let lazer focused people blind you. forgive yourself maybe💕",1,0,2026-01-28,False
7599708103579943701,7599630929364304648,1poundfish38,waaaaah my mommy and daddy called me a failure so I proved them right wahhhhhhhhhh,251,0,2026-01-26,False
7600073518487323408,7599630929364304648,flowar.4th,"""1lbfish"" you know that meme is old just like your dick right",0,0,2026-01-27,False
7599879794256446226,7599630929364304648,theiqlet,research the self fulfilling prophecy,6,0,2026-01-27,False
7599696079329051412,7599630929364304648,4xlivv2,um???,6,0,2026-01-26,False
7599681759550325511,7599630929364304648,gilmoresacc,You don’t know their past.,30,0,2026-01-26,False
7599649445593137928,7599630929364304648,itsyourgirlyuki_,okay male alpha,36,0,2026-01-26,False
7599650406440960775,7599630929364304648,whitel.ily,So tuff 🙏🙏💔💔💔,170,0,2026-01-26,False
7599700275969196807,7599630929364304648,preciousdoesntlikepeople,🍪 🍪,3,0,2026-01-26,False
7599650924449661714,7599630929364304648,tiacathcart_,"I’m so beyond sorry. If this helps at all, do it for YOU and your future. Never to prove something to someone, even your parents. You’ve done what you can, that’s just fine. I’m proud of you. :)",34,0,2026-01-26,False
7599651912641200914,7599630929364304648,itsyourgirlyuki_,thank you sm,8,0,2026-01-26,False
7599653039201534727,7599630929364304648,tiacathcart_,"Of course honey, take care of yourself. You’ve got this I promise. ❤️",6,0,2026-01-26,False
7600244845450363656,7599630929364304648,itsyourgirlyuki_,I lost my studying interest but I didn't stop studying.,11,0,2026-01-28,False
7600939421554230047,7599630929364304648,ekath99,"Do not let their words end your future. You owe nothing to those who doubted you, but you owe everything to yourself and to those who will learn from your resilience. Your struggle is what will make you strong enough to lift others",1,0,2026-01-30,False
7599656106164896513,7599630929364304648,destinyntt,Same I feel like I have no reason to want to be better anymore since they already see me as a failure.,7,0,2026-01-26,False
7599656543982437128,7599630929364304648,itsyourgirlyuki_,I hope you get better hun❤,3,0,2026-01-26,False
7604610238546215711,7599630929364304648,usernane4674256,You need to prove them wrong,2,0,2026-02-08,False
7601782194482348814,7599630929364304648,shawnboyy27,"One thing I have learned as I age... Do it for you. Don't live your life for anyone but yourself. If you want to go to school, do so for you! But I will cheer you on from Ohio. Whatever you do, you'll do great!",2,0,2026-02-01,False
7599790195723010837,7599630929364304648,urfavbrunnet.0,Same for the first three years of high school. Then I now realise that I actually should try hard this time but not to impress them but to impress my future self who will escape and make a life for herself,2,0,2026-01-26,False
7599706312080179989,7599630929364304648,wetfartconsumer,study for yourself. put that anger out and succeed in spite of their hatred. dont give up on yourself.,2,0,2026-01-26,False
7605651122309399309,7599630929364304648,urrfavvchatterbox,"YOU LISTEN TO ME AND PROVE THEM WRONG!!!! YOU GOT THIS!!! I BELIEVE IN YOU!!! People my whole lives have told me the same thing, what’d I do? Prove them wrong. You can do it. You wake up everyday for a reason because there’s a purpose. Find it!! Explore the world, travel, move places, go make money, friends, change the world!!! Do whatever you want. Go make a change. Force yourself to get up and do it even though you don’t want to, don’t prove them right! YOU WILL SUCCEED!!! In the name of Jesus Christ you will succeed! Amen!",1,0,2026-02-11,False
7605288055171547917,7599630929364304648,ellielovesana,Prove them wrong you don’t need anyone to believe in you just need to believe in yourself and when life gets you down just keep thinking you got this you got this and get back up on your feet,1,0,2026-02-10,False
7604322595480240926,7599630929364304648,lilzitlaly,"You got this!! I hope one day you find the motivation. Don't listen to these a**holes, I can understand where you're coming from. Everyone is going through things and just one wrong word can be a downward spiral for someone. I believe in you.",1,0,2026-02-08,False
7603862881159922454,7599630929364304648,martinerose2002,You are NOT a failure❤️‍🩹 i am so disappointed in some of the comments under this🫩✌🏻,1,0,2026-02-06,False
7600685759007654677,7599630929364304648,niche591,So you decided to prove them right? Frank Sinatra “The best revenge is massive success.”,1,0,2026-01-29,False
7600670228259734290,7599630929364304648,the_cheesegrat0r,OFF TOPIC BUT DOTTORE N DOTTOLONE SPOTTED💜💙,1,0,2026-01-29,False
7600594117165105928,7599630929364304648,init4thelove,"Words have power. It's not stupid there's a reason you lost all motivation, don't let that curse ruin your life. Rebuke it and push. You got it! Start building that work ethic little by little ❤ God bless",1,0,2026-01-29,False
7600490242654798624,7599630929364304648,alltimegodw1ns,Hhahahahahahahh,1,0,2026-01-28,False
7600405851538948882,7599630929364304648,craveznv8p0,"Hugs, internet stranger. Focus on yourself now and achieve for yoursrlf. Tough times don't last; tough people do🫂🫂😇",1,0,2026-01-28,False
7600353476069278486,7599630929364304648,liam36652,Same,1,0,2026-01-28,False
7600341301171569430,7599630929364304648,kathleen_maria0,Prove them wrong. not right.,1,0,2026-01-28,False
7600268572145451794,7599630929364304648,athenarex238,I feel your pain and I understand what you're going through. but never give up just keep trying over and over again until you reach the light at the end of the tunnel. I believe in you that you can push forward. ❤,1,0,2026-01-28,False
7600011457178223367,7599630929364304648,userdhfbfhhfhdfhfh,"you study for yourself and not anyone else, give it a chance again and try studying something you love, start small and regain your spark",1,0,2026-01-27,False
7599705917994599189,7599630929364304648,tshedzablack4,"Please don’t give up on you🥺❤️‍🩹. I need you to stand strong and keep going even if you fail 3 times a row, be patient with yourself ❤️you will remember every word they said to you after you graduated, you’ll be so proud 🎓 I know someone like that but shea very successful now!!",1,0,2026-01-26,False
7600188128162349857,7599630929364304648,.kik.i,I’m so sorry for you. I hope you’ll get your spark back soon! (Even though it’s never really gone),0,0,2026-01-27,False
7600062320458859265,7599630929364304648,luu_xaviers,oh that's so me,0,0,2026-01-27,False
7600939068525249310,7599630929364304648,ekath99,"Fight with everything you have against the voice telling you to give up. You owe nothing to your parents, but you owe everything to yourself, to your future children, and to the people who will one day draw strength from your story. When you give others hope, it will come not just from compassion, but from lived experience, hard-earned knowledge, and resilience. People like you are meant to lead and to lift others. You're meant to fight back.",1,0,2026-01-30,False
7600916996537205512,7599630929364304648,the_cheesegrat0r,DOTTORE ATLEAST LEZGOOOOOOOO,1,0,2026-01-29,False
7600255046501155614,7599630929364304648,dustinm292,please use that as fuel to prove them wrong,1,0,2026-01-28,False
7599768597485241108,7599630929364304648,iloveeeeyou26272728,why is this entire comment section full of soft ppl literally all the stuff in here is what my parents say on a light day and I’ve yet to cut contact bc if I do my life would be a hundred times harder anyway?,1,0,2026-01-26,False
7600266554157024022,7599630929364304648,eradelleerbe,We tend to judge ourselves and talk to ourselves just like our parents did to us. You have to gaslight yourself into positive thinking again until you’ll be ‘normal’ again,0,0,2026-01-28,False
7599766192131490567,7599630929364304648,kurtgold,"Don’t let them win bro, take my word please🔥",0,0,2026-01-26,False
7585973012781024013,7585430623364350750,spinningeyeball,You are better than him and he knew it,3657,0,2025-12-20,False
7586334314654417678,7585430623364350750,rochellendior,He said it not you he knew u was better than him 😭,384,0,2025-12-21,False
7586030823963935518,7585430623364350750,dewram11,The made me teary eyed. Thanks.,583,0,2025-12-20,False
7600002013648323359,7585430623364350750,order_7,Write a letter and tell him that you ARE better than him. 😌,8,0,2026-01-27,False
7600049609771221778,7585430623364350750,precioustreasure8,Narcissistic personality he wanted to ruin your moment,23,0,2026-01-27,False
7586075026806866743,7585430623364350750,spinningeyeball,🩶 I’m sorry it’s heavy on your heart. You’re doing a wonderful job and the people who love you see it. Keep going!,87,0,2025-12-20,False
7592703302849200910,7585430623364350750,blackfire999,Yup. Self projection is so real,86,0,2026-01-07,False
7585981001123660575,7585430623364350750,rex18745,My dream for my kids is that they do better and be better than me; I can't imagine saying that. I'm sorry,94,0,2025-12-20,False
7598983803009123103,7585430623364350750,gigi_andmom,"Exactly!! My mother paved the way for me to do better, doesn’t make me better. Now I’m doing it for my daughter.",2,0,2026-01-24,False
7600049875787940615,7585430623364350750,precioustreasure8,"And you can still be better, ain’t our prayers for our kids to be better than us ? !!! Y’all are insecure",0,0,2026-01-27,False
7586038448676930335,7585430623364350750,dewram11,You are a good mom. Thanks 🥰,7,0,2025-12-20,False
7586014400411747103,7585430623364350750,emilypesina273,Seriously! That’s the goal!,8,0,2025-12-20,False
7586044515837117214,7585430623364350750,bailey_..grace,"he said that to convince himself of it, not you. you are worth so much more",20,0,2025-12-20,False
7586206027898864414,7585430623364350750,imthewomaninblack,The fact he saw a high school aged girl (his own daughter at that) as competition??? That’s not not a you problem. He needs help smh,1,0,2025-12-21,False
7586359186427675423,7585430623364350750,dewram11,I have no idea when I turned into a girl but thanks,12,0,2025-12-21,False
7587089041309893407,7585430623364350750,crunchykitkat0,insecure men are the most dangerous. He was competing with his child???,6,0,2025-12-23,False
7599181286536266527,7585430623364350750,ouiouidd,"You must know this, but again, parents should be so proud their kids are doing better than them. My big dreams are that my son and baby sister go 100x farther in life than I ever will.",5,0,2026-01-25,False
7599123021047284493,7585430623364350750,urrea.19,You are in fact better than him.,4,0,2026-01-25,False
7586125851730510622,7585430623364350750,belenpoisson,I am so sorry. You are better than him and he knew it,4,0,2025-12-21,False
7611822317341115166,7585430623364350750,giselle7o7,@yammyyxo @707yasmin my dad be like,3,0,2026-02-28,False
7611823015605617439,7585430623364350750,lyx0000,😭omg fr,1,0,2026-02-28,False
7586729039891006222,7585430623364350750,butterndread,I pray my son turns out better than me in every single way,2,0,2025-12-22,False
7586384816456074014,7585430623364350750,g.aaabbbyyy,"This bothers me a lot. Because first of all, why tf are you jealous of your kid????? And second, how come your accomplishments make him feel so threatened that he feels the need to tell you that you aren’t better than him? Just that statement alone makes you better than him.",2,0,2025-12-21,False
7586228260301112095,7585430623364350750,debby_422,Will never understand parents who compete with their kids. If anything they should be wanting to support you in any way. I’m sorry that happened :(,2,0,2025-12-21,False
7608417369707479839,7585430623364350750,taylorrobin73,I hope you accomplish everything you want in life❤️‍🩹 parents should be proud of their kids and not jealous of their accomplishments,1,0,2026-02-19,False
7600345873578853153,7585430623364350750,sonntagskind92,"Can relate on a much lower level, my grandparents on my dad's side didn't come to my graduation ceremony and my grandma said ""it's not a big deal, we could've done that too if we had the opportunity"". I'm from Germany and she was in school after WWII, so I was like, yeah I don't doubt it but it's still kind of rude to negate someone else's accomplishments because of your own circumstances.",1,0,2026-01-28,False
7598982469640028958,7585430623364350750,gigi_andmom,Damn. I never understand how parents are jealous of their children!!,1,0,2026-01-24,False
7589156090903216909,7585430623364350750,tiniaburke,you're better than him and that's why he said it. i hope school went well,1,0,2025-12-29,False
7588954439702397726,7585430623364350750,petalmist456,Yeah my dad and brother are super threatened by my degree,1,0,2025-12-28,False
7587201272572265246,7585430623364350750,_its_nothing_personal_,Lands weird that your dad wouldn't WANT you to be better than him.,1,0,2025-12-23,False
7586391624894038797,7585430623364350750,aprilchapman97,You know Jason my Dad never wanted me and never tried to have a relationship with me. He lived in my town I would see him sometimes. I did not know him he was a full blown alcoholic. I wanted him and loved him. But he never came. But to hear your story of your Dad saying that to you I’d rather have my Dad because yours that is your story is worse then mine Because I would never want my Dad to say that to me. Very painful. Remember Jason we have a Father in Heaven who’s loves each one of us individually and personally and one day we will be reunited again with Him in Heaven. Pray and give your heart and life to Him. Pray to Him and ask Him to reveal Himself to you. He is our real Father and He will never hurt us Jason. 💜💜💜💜,1,0,2025-12-21,False
7611950349716865805,7585430623364350750,itss._lundon,that feels like a joke idk,0,0,2026-02-28,False
7603138684653716255,7585430623364350750,mdla927,Did he ever try to talk to you after this?,0,0,2026-02-04,False
7601981003540874014,7585430623364350750,diffdrummer,Him saying that automatically made you far better than him. It wasn’t your graduation.,0,0,2026-02-01,False
7601636144644473614,7585430623364350750,ccmc20251,As a father I hope my kids grow up and be 10x better than me,0,0,2026-01-31,False
7600975857872945975,7585430623364350750,aligsd1122,that's sad she said that. good for you,0,0,2026-01-30,False
7600468592375284510,7585430623364350750,brodrgz01,As a dad I pray my kids grow to become better than me every single day.. I’m sorry bro.🙏,0,0,2026-01-28,False
7600459014077645588,7585430623364350750,staygold717,Valid ❤️,0,0,2026-01-28,False
7600415207127302934,7585430623364350750,neil_9898,He’s a hater lol,0,0,2026-01-28,False
7600404658557747989,7585430623364350750,le.cockblock,A father should strive to make absolutely sure his kids are better than him. You just did it on your own. 👍🏻,0,0,2026-01-28,False
7600345231467266819,7585430623364350750,wetwednesdays123,When I finished my masters my grandma said ‘you know too much’ under her breath. The relationship with my family was already on its way out. That was just another thing on the list,0,0,2026-01-28,False
7600176852824539920,7585430623364350750,amacookie26,Good,0,0,2026-01-27,False
7600083071221089031,7585430623364350750,sohighshania,Actually he lied you are better than him.,0,0,2026-01-27,False
7600024456124482334,7585430623364350750,lovejennababy,My dad said something similar so I know how that feels. I’m so sorry. 🥺,0,0,2026-01-27,False
7599876608111657759,7585430623364350750,mikehaze73,You were probably acting high and mighty towards him. Team Dad.,0,0,2026-01-27,False
7599861815623877396,7585430623364350750,whosthat719,This is insane!,0,0,2026-01-27,False
7599835779959341854,7585430623364350750,pattycakes787,Wow! Unbelievable!!! Im sorry he said that to you💕💕💕,0,0,2026-01-27,False
7599832978365170462,7585430623364350750,uniquelyq4life,And years and years ago when I graduated from college my mom said that ain’t nothing 😔,0,0,2026-01-27,False
7599761375795381013,7585430623364350750,worldrenownedqari,,0,0,2026-01-26,False
7599673849588433665,7585430623364350750,deen_got.banned,What why?? I thought dads were the only one that wants you to be better than them,0,0,2026-01-26,False
7599031683870409486,7585430623364350750,mandyge1984,"let me guess, Gen X?",0,0,2026-01-24,False
7598994428077982495,7585430623364350750,xanikh,girl what I'm frying,0,0,2026-01-24,False
7597655947623973663,7585430623364350750,amishanathwaniwad,I want my kids to be better than me. That’s the whole point of being a parent. To make them better than you and watching them succeed is the biggest accomplishment for a parent.,0,0,2026-01-21,False
7597597509209178935,7585430623364350750,chl6echang,wow,0,0,2026-01-20,False
7597325439006393101,7585430623364350750,crissy430,"One word, jealousy",0,0,2026-01-20,False
7594511362828632887,7585430623364350750,blackgirlwithaseptm,Smh,0,0,2026-01-12,False
7587254924326077214,7585430623364350750,sara601040,My father in law is like this. I can’t imagine how any parents doesn’t genuinely want their children to surpass them in life. My greatest dream is that my kids become better than me in every way possible 😢,0,0,2025-12-24,False
7601602002682331924,7585430623364350750,ntokozondlams,My husband told me something like this his dad said to him. He bought alot of meat and groceries with his very first pay check and his dad said don't think you are the man of the house now. He still says that thing cut him deep,0,0,2026-01-31,False
7596790088840413982,7585430623364350750,quiverdemlegs132,"that’s terrible , in this world at this time i always thought the only person who wants you to do better than them is your father. sorry man",0,0,2026-01-18,False
7596843267955180302,7585430623364350750,fortunate_edwin,@lizbethleon551,1,0,2026-01-18,False
7600804488794325815,7585430623364350750,thenarcshark1,😮,0,0,2026-01-29,False
7600601039696266015,7585430623364350750,blackmagicwoman277,🥺,0,0,2026-01-29,False
7599685695996691220,7599657631858688786,tsattw,would “good people” say something like that,184,0,2026-01-26,False
7599846419319948052,7584229476238754591,pre45748,That is what I was told when my mom died,2,0,2026-01-27,False
7591293639570326327,7584229476238754591,keaisha.cole,Damn that’s messed up 🙏🙏🙏,3,0,2026-01-04,False
7586864636290630430,7584229476238754591,blonde.bold2,OMGGGGG,16,0,2025-12-23,False
7585647789695435550,7584229476238754591,savage_humor,"I was separated from my husband for years before he died, he went down the wrong path and started using drvgs and falling for girl who didn’t want him, took his own life. I told this to my uncle and he told me it was my fault, I cut my uncle off, I haven’t spoke to him in years",428,0,2025-12-19,False
7604688186754007839,7600213711966749460,b468067,Jesus😞,0,0,2026-02-09,False
7600791758805549846,7600213711966749460,sophia.fraterwalc,You should continue to do what feels right. Some people have no idea that their words can destroy a whole nation.,2,0,2026-01-29,False
7600790970447971092,7600213711966749460,b1ackbirdd,"Doing alot better, weve been no contact for 8 years and I dont regret it even a little bit.",8,0,2026-01-29,False
7600706488383111958,7600213711966749460,sophia.fraterwalc,This just makes me feel sad. Hope you are ok now.,0,0,2026-01-29,False
7600632528127083284,7600213711966749460,phytonr3,Damn 💔💔💔,0,0,2026-01-29,False
7600499523392176913,7600213711966749460,didilulu340,did you confront her? omg,0,0,2026-01-28,False
7600419532617204510,7600213711966749460,ovomic_3,💔💔,0,0,2026-01-28,False
7600225191595131655,7600213711966749460,missmajor8_,that’s genuinely insane😭,228,0,2026-01-28,False
7600218200634360577,7600213711966749460,pro08767,,36,0,2026-01-28,False
7587472849599218445,7585798908187443981,anijahrembert,"He is only hurting himself, he’s missing out on a beautiful and wonderful human being, a wonderful woman.",969,0,2025-12-24,False
7587542224431792951,7585798908187443981,trishtrice,"Thank you, love 🙏🏽",135,0,2025-12-24,False
7594622116806198047,7585798908187443981,legallybruh,I hope you and your daughter are doing good now,87,0,2026-01-12,False
7598366515193496334,7585798908187443981,itslolod,that was the exact same thing my biological father said to my mom. unfortunately he is also not in my life!,19,0,2026-01-23,False
7600020896397509396,7585798908187443981,hiitsmarina7,@madeeznuts6.9,0,0,2026-01-27,False
7599699020445958919,7585798908187443981,arsleclapper,"My father did the same thing and he resents us for it, it’s always been such a a tough thing to come to terms with",1,0,2026-01-26,False
7600429700255892279,7585798908187443981,charlesincharge2000,spoiler alert: he was going to leave either way,5,0,2026-01-28,False
7599767657151693599,7585798908187443981,adrijimenezpr,It’s probably a blessing in disguise,2,0,2026-01-26,False
7605055862470656782,7585798908187443981,kenneryyy,That was a blessing💕,1,0,2026-02-10,False
7600188052753629983,7585798908187443981,silvakbos,Having a daughter is the most beautiful thing in the world. My baby has given me the most purest love I’ve ever felt. His loss.,2,0,2026-01-27,False
7599869252744856341,7585798908187443981,karolkleinn05,why,0,0,2026-01-27,False
7598256268810355487,7585798908187443981,idk_rkl,wtfffff,0,0,2026-01-22,False
7587261604527358750,7585798908187443981,storyslyr,That’s terrible if someone said that to me I would have told them not to bother showing up at all crazy especially as the male genetic material determines gender,76,0,2025-12-24,False
7600149248450200350,7585798908187443981,susanhenkellamkins,"Meanwhile, it’s the sperm that determines the sex. So it’s all on him.",2,0,2026-01-27,False
7600711442601870102,7585798908187443981,sophia.fraterwalc,I would have shown him the door gfir saying that.,1,0,2026-01-29,False
7600521082365412110,7585798908187443981,vampir6460,My dad said the same thing to my mom but the other way around he said if I was a boy he would of left my mom at the clinic,0,0,2026-01-28,False
7602907411007832854,7585798908187443981,shbz36,💔,0,0,2026-02-04,False
7600400640268174098,7600226904642028296,fataleyed,oh bae..,10,0,2026-01-28,False
7601460245445395222,7600226904642028296,selmaxxx11,,4,0,2026-01-31,False
7603039770369344270,7600226904642028296,dannyrenae,"“You’re lying, he would never say that” even though he was the one that told her on the phone. I guess she didn’t think I was paying attention to her conversation that she had on speaker while we were in the same car. She said I was overreacting.",2,0,2026-02-04,False
7603039973058560782,7600226904642028296,dannyrenae,And of course she didn’t believe me when I said he eventually did something,1,0,2026-02-04,False
7600340634537181973,7600226904642028296,jedsss_,poor baby 🥹,1,0,2026-01-28,False
7600317792466354976,7600226904642028296,user73361258,This 🥹,1,0,2026-01-28,False
7600601659227996959,7600226904642028296,blackmagicwoman277,🥺,1,0,2026-01-29,False
7600556780129239828,7600226904642028296,manahil.imrann,@Laweezahhh,0,0,2026-01-28,False
7598994378363994911,7584288566287041311,xanikh,lmao ?? like trump?,30,0,2026-01-24,False
7605403631408562958,7585875562796139278,aidaiscomical,"homosexuality exists across almost all species, for all of time. the only thing not normal is hatred towards love.",10,0,2026-02-11,False
7600082061214499604,7585875562796139278,lilihoza,This is not normal 😳,9,0,2026-01-27,False
7599376196589486856,7585875562796139278,fxridaa.v,exact same happened to me,0,0,2026-01-25,False
7599032051065570062,7585875562796139278,mandyge1984,Gen X?,1,0,2026-01-24,False
7598719341400326926,7585875562796139278,alexaa.btch,we know you are ❤,85,0,2026-01-24,False
7598709405362045709,7585875562796139278,bocephus412,So gross.,17,0,2026-01-23,False
7598275873998193439,7585875562796139278,rondadon444,ehh we need more context under curtain context that isn't even cruel,0,0,2026-01-22,False
7586344376713528119,7585875562796139278,ericaindaclouds,Awwww that’s so sweet 😭💔💔,98,0,2025-12-21,False
7586337085506978573,7585875562796139278,savannahrachelle,I'm so glad you have him😭😭😭,77,0,2025-12-21,False
7586051746159215415,7585875562796139278,alexaa.btch,"my mom found out i was gay through my social media and was so angry yelling & threatening me telling me i better not be gay & as im crying she turns to my little brother and asks if he can believe his sister is gay & he proceeds to say “yes because i am also gay” i’ll never forget him coming out to our mother to defend me, she was speechless after",886,0,2025-12-20,False
7601970580179026718,7585779558931923767,neecee9364,It is NOT ur fault. NOT at all. I'm so sorry they placed such a false blame on you. don't belive a lie. I see you!,2,0,2026-02-01,False
7600258496835699487,7585779558931923767,dustinm292,soo sorry 💔,1,0,2026-01-28,False
7600192012746343190,7585779558931923767,wiktoriakasandra,Shhh... I have something sweet for them. Give me 2 minutes,1,0,2026-01-27,False
7600139247753282312,7585779558931923767,ransom1638,u can give us contact we will fo the job for u 😔,2,0,2026-01-27,False
7600131607974839070,7585779558931923767,nora.gordon0,Not your fault in any shape or form. Go live your life please.,2,0,2026-01-27,False
7600119111280231175,7585779558931923767,olives7939,"that must have been so hard for you, I'm so sorry",1,0,2026-01-27,False
7599985190685704990,7585779558931923767,kawaiikillzofficial,You did the best you could and that's all that matters 💕,1,0,2026-01-27,False
7598615152401695501,7585779558931923767,aftrglowww,"wow youre sooo strong. i feel like im barely getting through high school with no issues that even come close to this. you’ve accomplished so much i hope you’re extremely proud of yourself, and im so sorry for your loss",2,0,2026-01-23,False
7595353216418759438,7585779558931923767,mo_lyssa,I understand. My mom was my best friend too. And I’ll never forgive them for that. They know they’re wrong for blaming that on us. Don’t let em gaslight you. It wasn’t your fault. Hugs 🫂 ❤️🥺,1,0,2026-01-14,False
7595300005818139447,7585779558931923767,1090waski,"no ur not && now I think they’re all guilt tripping and expect me to speak to them not remembering how they made me feel , idc if me & them never speak again my mom was my best friend anyway",1,0,2026-01-14,False
7595274208704463629,7585779558931923767,mo_lyssa,I thought I was the only one 🥺 I’m so sorry.,0,0,2026-01-14,False
7595127726522073911,7585779558931923767,1090waski,I went through this!!,1,0,2026-01-14,False
7593820313571640077,7585779558931923767,mo_lyssa,🫂🧡,0,0,2026-01-10,False
7593436706420015902,7585779558931923767,medbie,i’m so sorry,1,0,2026-01-09,False
7588965823802819341,7585779558931923767,mo_lyssa,It took a lot of trial and error to get to where I am today. But I kept my faith. I am now living the life I once prayed for. Thank you so much. 🫂,1,0,2025-12-28,False
7587244624105440031,7585779558931923767,jaxmlx007,"So many hugs. I hope you can tell yourself today that it wasn’t your fault. Because it wasn’t and it wasn’t fair for you, a child, to have that responsibility. I’m so sorry. ❤️",4,0,2025-12-24,False
7586452371665666846,7585779558931923767,gia53712,Ok. I'm glad you're sober and on healing journey now.,10,0,2025-12-21,False
7586362894448542478,7585779558931923767,mo_lyssa,🫂 💖,1,0,2025-12-21,False
7586359366913327902,7585779558931923767,.kelci,"As someone who blames themselves for their mom’s death, it is NEVER our fault! they needed help. hugs to you. ❤",6,0,2025-12-21,False
7586180580564517645,7585779558931923767,mo_lyssa,thank you so much. That means a lot to me. 💛,4,0,2025-12-21,False
7586012446969299726,7585779558931923767,melinnewt,It was never your fault at all. I hope you are able to do some of the fun things you might have missed as a child. Children shouldn’t have to take care of their addicted parents. The other adults around you failed to do the right thing. ❤,25,0,2025-12-20,False
7585943551625331469,7585779558931923767,mo_lyssa,Thank you 💛,13,0,2025-12-20,False
7585943094995174158,7585779558931923767,mo_lyssa,"No, I was only 17 when she passed & somehow at that time I believed it was my fault. I actually became addicted to alcohol to numb my pain and spent my entire young adult life 17-30 drowning myself in alcohol. I’m 2 years sober now and after healing myself I realized it was never my fault. But, I was too young to understand that at that time.",65,0,2025-12-20,False
7585901235355239199,7585779558931923767,gia53712,Did you cuss them out because I would have.,55,0,2025-12-20,False
7585840045811696415,7585779558931923767,sugarfreeredbul1,I’m so sorry,92,0,2025-12-20,False
7605964781959725854,7598694908476982071,katy_jean6,Heck yeah!,1,0,2026-02-12,False
7605309152630227726,7598694908476982071,ashncash,congrats!! that is a huge accomplishment 🤍🤍,1,0,2026-02-10,False
7604399835814413069,7598694908476982071,mskatemarie,🔥,1,0,2026-02-08,False
7601864146549015327,7598694908476982071,huntergreyj,congrats!,1,0,2026-02-01,False
7601602413225804564,7598694908476982071,ntokozondlams,🤩 Yes ma'am,1,0,2026-01-31,False
7600547399074366238,7598694908476982071,adrian_stinks6,YOU DID THATTTT 🎉🎉🎉,1,0,2026-01-28,False
7600456619062788894,7598694908476982071,vincentia0821,Woohoo indeed!! 🥰,0,0,2026-01-28,False
7600456269145391903,7598694908476982071,vincentia0821,Thank you so much 🥰 I truly appreciate that.,0,0,2026-01-28,False
7600456007441351455,7598694908476982071,vincentia0821,"Thank you!! If it can motivate even one person, it’s worth it 💛",0,0,2026-01-28,False
7600455585414480670,7598694908476982071,vincentia0821,It will find you especially if you don’t give up on yourself. Stay consistent. Your moment is coming ❤,0,0,2026-01-28,False
7600358938711081758,7598694908476982071,deityguided,That was even more motivation!! Go you!!!!,1,0,2026-01-28,False
7600225979306836757,7598694908476982071,gingerpopsicle,may this luck find me cause I really gotta prove some people wrong rn💔,1,0,2026-01-28,False
7600190422535439121,7598694908476982071,cutie_chik,Good on you and your hard work 🥰🥰,1,0,2026-01-27,False
7600156115896189716,7598694908476982071,ihytjjj,Congratulations!!🥳🥳🎊🙌,2,0,2026-01-27,False
7600152782741865237,7598694908476982071,logancolins,Woohoo!!,1,0,2026-01-27,False
7600132566189359903,7598694908476982071,nora.gordon0,Jealous is that word.,2,0,2026-01-27,False
7599984631358276382,7598694908476982071,vincentia0821,Thank you so much! I’m grateful for the kind words ❤,2,0,2026-01-27,False
7599911881733866270,7598694908476982071,vincentia0821,Thank you 🥰,8,0,2026-01-27,False
7599416200220656400,7598694908476982071,joud.mazeh,Proud of youu,21,0,2026-01-25,False
7599389358089552657,7598694908476982071,..jld2,congrats 👏,35,0,2026-01-25,False
7604376012147540767,7585296076438848286,sophiabrunk,@Baileyyy🤩,1,0,2026-02-08,False
7604048686032651028,7585296076438848286,calum3461,🫶,0,0,2026-02-07,False
7600618809347506974,7585296076438848286,ruthielynnn,Please explain your logic.,2,0,2026-01-29,False
7600474770333221645,7585296076438848286,dripzonyasoul,"Wow, thats horrible",0,0,2026-01-28,False
7600450389724398366,7585296076438848286,libraprincess_xo,Awww💔,0,0,2026-01-28,False
7599316153073697566,7585296076438848286,yadi..025,🫂,0,0,2026-01-25,False
7589507711361532702,7585296076438848286,nbteee,I feel this deeply in my core too. This type of trauma is so hard to heal but sending you love and lots of hugs.. I wish I didn’t resent my mom from it but it’s always there.. May you heal ♥️,0,0,2025-12-30,False
7588613548223152927,7585296076438848286,xoxourangeljordan,wow :(,0,0,2025-12-27,False
7586397498727236382,7585296076438848286,g.aaabbbyyy,I wish more people would’ve stood up for you…. That’s horrible. The fact that he said it to everyone and no one stuck up for you makes me sad. I would have stuck up for you 🩵,15,0,2025-12-21,False
7586389462679388958,7585296076438848286,ruthielynnn,One person said “that’s nothing to be proud of.” and just walked away. Honestly most of the room was stunned and stood quiet. I spoke up and said “so we all heard how much he hates me right? Just so I know it’s not my head!”,33,0,2025-12-21,False
7586386982961103647,7585296076438848286,g.aaabbbyyy,And what did everyone say when he said this??,2,0,2025-12-21,False
7585938235869217549,7585296076438848286,prolly_ken,I feel the treated badly from the step parent part☹️my stepmom said she treated me bad bc of my step sister…she said she didnt want my step sister to get jealous…i was only a kid and got treated like shit.,224,0,2025-12-20,False
7585896446223860493,7585296076438848286,croddfortodd_92,sounds about right though,1,0,2025-12-20,False
7600502968403952414,7600493903016887070,jessicawalker1800,on God I feel this one,16,0,2026-01-28,False
7600483940152083222,7583816492774556446,maxoss433,Don’t hold grudges bro it’s not worth it you should try to talk to him he may have regretted saying it 🙏,0,0,2026-01-28,False
7599032494541996813,7583816492774556446,mandyge1984,It's okay to feel the same way about him but feel differently about yourself. 💜,0,0,2026-01-24,False
7587568767254889247,7583816492774556446,nnthony_aaber,I never looked at it that way. I appreciate you.,0,0,2025-12-24,False
7587562309125243661,7583816492774556446,bbyxlatina,They feel disappointed bc you are what they could never be 🫶🏻 they do see themselves in you but the version they never had the strength or courage to become,4,0,2025-12-24,False
7584620828193981197,7583816492774556446,fuck_fentanyl,😢I am so truly sorry.,0,0,2025-12-17,False
7584435598858486558,7583816492774556446,askaurea,🫂,206,0,2025-12-16,False
7584285662522721055,7583816492774556446,mlo844,Horrible. I so sorry.,1,0,2025-12-16,False
7584285103782970143,7583816492774556446,samanthaguyjohnso,I’m sorry that happened to you,5,0,2025-12-16,False
7584270919145636663,7583816492774556446,clouwhoo1,right before my graduation my dad told me I had to move out.,0,0,2025-12-16,False
7584225001974121271,7583816492774556446,superbee10,That is cruel. A hug for you…🥲,25,0,2025-12-15,False
7583943571197379358,7583816492774556446,sdxox4,that's so sad😭💔,1,0,2025-12-15,False
7583875954038244126,7583816492774556446,_redd101,I am so sorry 😞,6,0,2025-12-15,False
7599810262862807815,7599797911522575112,vvyza_,then prove em wrong,0,0,2026-01-26,False
7599798305547469576,7599797911522575112,yeskingsthirdleg,they also told me they wanted to get rid of me at my birth,0,0,2026-01-26,False
7600474929940022029,7600228274716148510,dripzonyasoul,😳😳😳,0,0,2026-01-28,False
7600228602483163935,7600228274716148510,datzsodessy,"Oh this was the same aunt , when my brother passed she looked at me and said “idk why you crying you barley knew him” he was taken away from me and my dad when he was younger and when we finally reunited and he passed 5 months later",95,0,2026-01-28,False
7615633509893866254,7585663311992980255,roo.diaries06,It wasn’t silly or funny.,1,0,2026-03-10,False
7615633355926176525,7585663311992980255,roo.diaries06,That’s a weird ass thing to joke it up,5,0,2026-03-10,False
7610766492653798175,7585663311992980255,lunaprincessx3,Omg that’s sick I’m sorry,0,0,2026-02-25,False
7608615931442873101,7585663311992980255,puppieluversix,Yea it’s a sick joke but she’s not evil for that lol,0,0,2026-02-19,False
7604394968620417806,7585663311992980255,vbck24,that’s evil 😦,0,0,2026-02-08,False
7601602317767705365,7585663311992980255,ntokozondlams,My gosh sorry,0,0,2026-01-31,False
7600776901050172190,7585663311992980255,sparkleglitter289,Joking about someone losing a kid is NEVER funny,23,0,2026-01-29,False
7600496221871031071,7585663311992980255,immortalcricket2,But it’s still a joke lmao,3,0,2026-01-28,False
7600417835421451039,7585663311992980255,julia_drouillard_,"If that was a joke it was funny cause dark humor is great, if she was serious that’s incredibly messed up",0,0,2026-01-28,False
7600406187617026836,7585663311992980255,d.kleiner,Thats actually fkd,0,0,2026-01-28,False
7600235926657483542,7585663311992980255,stupidsecretacc,That’s horrible…,0,0,2026-01-28,False
7600059167593235231,7585663311992980255,carter_goes_trucking,Yeah like wtf,0,0,2026-01-27,False
7600043249977623303,7585663311992980255,dekenocide,that’s such a weird joke to make,36,0,2026-01-27,False
7600038106692518687,7585663311992980255,the_dumbest_fuck,It was clearly a silly joke but no one knows what sarcasm is,19,0,2026-01-27,False
7600029680544465695,7585663311992980255,maevi7854,"My sis n law said this to me when my only sibling had passed and I told her how hard my mom was taking it, she then said she should’ve had more 😭 my mom had hard pregnancy’s and almost died giving birth to my brother 🥀",0,0,2026-01-27,False
7600025052049834770,7585663311992980255,baehaniena,no it's not,5,0,2026-01-27,False
7600021923913581330,7585663311992980255,sage___23,"jokes are meant to be funny, that isn't",32,0,2026-01-27,False
7599827289409028894,7585663311992980255,allie_______k,"It’s weird and disrespectfully and not funny at all. And also it doesn’t matter what the intent of that was, it matters what she said.",29,0,2026-01-27,False
7599684753335370503,7585663311992980255,na_diaafrin_nova,a joke that isn't funny in any form or situations.,30,0,2026-01-26,False
7598981647539979039,7585663311992980255,gigi_andmom,What!!! 😫,0,0,2026-01-24,False
7598760237864731423,7585663311992980255,busybmom6,If you knew this lady you would clearly know it was not a joke.,23,0,2026-01-24,False
7598691584632685326,7585663311992980255,ayal_soto,Yall say anything cruel and try to cover it up by saying it’s a “joke”,100,0,2026-01-23,False
7598678677018379038,7585663311992980255,bybayleemae,"thats not dark humor, thats just weird and inappropriate",47,0,2026-01-23,False
7598643282349048607,7585663311992980255,justwipedouttomatotown,that’s funny,4,0,2026-01-23,False
7598341836297569038,7585663311992980255,mgsdmpa,*my husband and I,0,0,2026-01-23,False
7598255986692457247,7585663311992980255,idk_rkl,wtfffffff,0,0,2026-01-22,False
7598229066572350239,7585663311992980255,immortalcricket2,That’s clearly a joke bro,232,0,2026-01-22,False
7598010199988175647,7585663311992980255,moezinia4,Whatttt???????????,0,0,2026-01-22,False
7597864520375485215,7585663311992980255,jmkdv,😮 WTF,0,0,2026-01-21,False
7596159254177612574,7585663311992980255,4mimiii_13,pl,0,0,2026-01-17,False
7591412632595874615,7585663311992980255,official.momboss,💔💔💔,5,0,2026-01-04,False
7615633974278898446,7583938028776801037,roo.diaries06,She only mentioned it because it has to do with why her mom didn’t believe her,0,0,2026-03-10,False
7603493750979314462,7583938028776801037,susssyyy,that’s crazy,2,0,2026-02-05,False
7603462722952790797,7583938028776801037,aclvrzi,@suzi 🕸️ i-,1,0,2026-02-05,False
7600255732626653983,7583938028776801037,dustinm292,I am so sorry 💔,2,0,2026-01-28,False
7600026408019575553,7583938028776801037,duskk481,Ooo the worst kind of opinion!! I’m so sorry :(,2,0,2026-01-27,False
7598884460051153695,7583938028776801037,kennaspamsalot,Yup but our stepbrother!!,1,0,2026-01-24,False
7593436873936208670,7583938028776801037,medbie,wow. no sister should ever say that,1,0,2026-01-09,False
7591719271689863991,7583938028776801037,melissamariee22,"Not saying that’s why at all. The only reason I even mentioned it, is because they were playing Hispanic music and my mother said I made it up because I didn’t like their music.",43,0,2026-01-05,False
7591677763436053262,7583938028776801037,t.nkiebell,Sorry you had to go through that but being Hispanic isn’t why they sa’d you they were creepos,27,0,2026-01-05,False
7591096531802522423,7583938028776801037,jjxnn.rr,So sorry that happened to you ❤️,1,0,2026-01-03,False
7591096419869803277,7583938028776801037,jjxnn.rr,"My sister said a similar thing but the abuse my mom put me through, basically saying it didn’t happen to her so it doesn’t matter 🥲",7,0,2026-01-03,False
7585811702253159182,7583938028776801037,user471068403,My god .. 😭💔💔.. I’m so sorry..,49,0,2025-12-20,False
7585033617560568589,7583938028776801037,sebinasebinasebina,Jesus,5,0,2025-12-18,False
7584300691796116255,7583938028776801037,melissamariee22,My mom hired 3 Hispanic boys to do work on our yard when I was about 9 years old and they SA’d me. When I told my mom she told me I was lying and that I just didn’t like their music.,158,0,2025-12-16,False
7584093093537448734,7583938028776801037,janee19560,"That’s messed up, I’m so sorry that happened to you. I’ve learned that in some families, only certain children are targeted and it’s a common fact.",160,0,2025-12-15,False
7600073198965129985,7600073049048548112,bigsmith444,Sorry to make “themselves” safe and loved,10,0,2026-01-27,False
7599913968845734664,7584317836815614734,blue.h11,I got compared like this since young to adulthood by everybody,3,0,2026-01-27,False
7599902455275307792,7584317836815614734,tridzfr,she might not meant it in a bad way i think,0,0,2026-01-27,False
7599693793302692626,7584317836815614734,am_in_your_walls.com,She was prob scolding you or smth,0,0,2026-01-26,False
7598930203808793399,7584317836815614734,ladee1017,They said that it was good that I was smart because I would have to support myself because I would never get a husband,0,0,2026-01-24,False
7598207473602265887,7584317836815614734,two_little_loaves_,Mine said the same thing 😅 !!!,1,0,2026-01-22,False
7608617263713141518,7605368737395229453,puppieluversix,Disgusting omg💔😭,49,0,2026-02-19,False
7601177299492487958,7584273731955868447,jessevans97,as someone with a chronic illness I'm so sorry your mom said that to you. It is not your fault. wishing the best for you and your child ❤️,0,0,2026-01-30,False
7600025973565047568,7584273731955868447,duskk481,"That’s horrible I’m so sorry, I don’t believe in god but I don’t think he would punish someone THROUGH another person anyways :(",0,0,2026-01-27,False
7599712163616277268,7584273731955868447,ruebee2003,what a loving God /s. I'm so sorry.,0,0,2026-01-26,False
7587262002683724575,7584273731955868447,storyslyr,This is crazy if it makes you feel any better I don’t like egg yellows or nuts and apparently that is my mothers fault for making me crazy,0,0,2025-12-24,False
7586408804251271967,7584273731955868447,camille_royal01,"im sorry your mother said that to you, she can't claim to be a Christian or to know God or have a relationship with Christ if she is saying hurtful things like that. there is no action that can save you eternally other than believing in what Jesus did for all of us.l, and the works (going to church to worship and serving others) will naturally follow. I hope her misconduct and hypocrisy doesn't skew your view of God",2,0,2025-12-21,False
7610268725842101006,7584273731955868447,dakotaswife.05,"as a christian, this genuinely makes me so sad. i understand now why people have such a bad outlook on christianity and Jesus. i hope your baby is doing good, and i hope your life has been infinitely happier than when you were put through that 🫶🏻",1,0,2026-02-24,False
7585334548562608909,7584273731955868447,messengerofchrist84,😢,0,0,2025-12-18,False
7600206242892301073,7599644368999809799,roselietanta0,😁😁😁,2,0,2026-01-28,False
7600000893442540308,7599644368999809799,ludzyyy_,🤣😭,3,0,2026-01-27,False
7599917336920916744,7599644368999809799,jordannarcos37,that's horrible my heart breaks for you 💔,67,0,2026-01-27,False
7600293459677807378,7600149251864101663,kage2600,,1,0,2026-01-28,False
7586317342545117966,7585233257457910583,manghoejews,“Fraternal grandmother” 😂😂😂,4,0,2025-12-21,False
7586344432158409486,7585233257457910583,shaketa3,*paternal grandma 🤦🏽‍♀️😂😂,2,0,2025-12-21,False
7601864435699843871,7585233257457910583,huntergreyj,congrats!,1,0,2026-02-01,False
7600119582452433672,7585233257457910583,olives7939,successss✅️✅️✅️,1,0,2026-01-27,False
7599755741905732383,7585233257457910583,kansasstaterox,"Great, NOT GOOD, BUT GREAT, for you!",1,0,2026-01-26,False
7594511438535475982,7585233257457910583,blackgirlwithaseptm,THANGYAAAA,1,0,2026-01-12,False
7588163368692335373,7585233257457910583,otissey.solutions,Congrats Mama ❤️,1,0,2025-12-26,False
7586687363436167991,7585233257457910583,roseydoll123,Wow queen.,1,0,2025-12-22,False
7586362604433212190,7585233257457910583,plastic.heartzz,Proud of you❤🥺,1,0,2025-12-21,False
7586344559522562830,7585233257457910583,manghoejews,Mama had to make sure not the wrong grandma! No you’re fine you cracked me up this morning haha. Have good day 💙!,1,0,2025-12-21,False
7586336670359454478,7585233257457910583,runofthemilf,This just unlocked a memory for me 🥺,1,0,2025-12-21,False
7586153463466722078,7585233257457910583,moonie484,Very proud of you,1,0,2025-12-21,False
7586123549107274527,7585233257457910583,yasmine_amin,Congratulations beautiful🥰,1,0,2025-12-21,False
7586079749501633335,7585233257457910583,rayanns_wardrobe,You need haters tho. They make you want to be better. They make you work harder. And they make you want to be so much better than them.,1,0,2025-12-20,False
7586038819948020494,7585233257457910583,x0000183,Amazing,1,0,2025-12-20,False
7586014568008139550,7585233257457910583,mexican__messiah,,1,0,2025-12-20,False
7585939629964215095,7585233257457910583,ericam317,Congratulations 🎉,1,0,2025-12-20,False
7586552275084542750,7585233257457910583,napoleon_bonaparte_eylau,"You were probably acting reckless when they said that. Then you changed for the better, and if that was influenced at all by what you were told, then good. Sometimes you need to hear where your actions are taking you for you to save yourself",0,0,2025-12-22,False
7586601036359107383,7585233257457910583,shaketa3,"You are absolutely incorrect. I have never been reckless. I was in high school taking honors classes, cheering/dancing, and I didn’t indulge in any alcohol or drugs. Not saying I was perfect, but for sure not reckless. Sometimes people just hate you that deep, that they wish the worst on you! So thank you for the comment, but that wasn’t the case!",0,0,2025-12-22,False
7586792088899093279,7585233257457910583,napoleon_bonaparte_eylau,"Wow, well if that person just wanted the worst for you then that is disgusting. Wishing the best for you and only positive people in your life moving forward :)",0,0,2025-12-22,False
7600047348517913374,7585233257457910583,zamurai9,Now that’s black excellence 🙌🏽 I love to see this,1,0,2026-01-27,False
7606041008271770381,7585233257457910583,awkwardopossum,Well… duh. Only one person will be the first and last to have a person? Multiple people can’t carry the same baby?,0,0,2026-02-12,False
7600175951666955025,7585233257457910583,dominiquebakerofficial,👏🏾👏🏾👏🏾👏🏾,1,0,2026-01-27,False
7597597745544889101,7585233257457910583,chl6echang,👑👑,1,0,2026-01-20,False
7600030387402507028,7584086259543884599,misterbankaybiewer,“I don’t understand why my daughter doesn’t talk to me. She’s so ungrateful”,2,0,2026-01-27,False
7599540011789042462,7584086259543884599,iconoclast296,People show their true colors in your time of need.,5,0,2026-01-26,False
7599184424320336654,7584086259543884599,bunnystuff2005,I was 15 year old white girl in high school when I was beaten in the classroom by a group of black girls. My older sister after learning about what had occurred said that I should try to understand them since they had been slaves and such! 😡,0,0,2026-01-25,False
7596880858092503863,7584086259543884599,ah35152,Was it years of her being cold and this was the straw that broke the camel’s back?,0,0,2026-01-19,False
7585242019543450398,7584086259543884599,lisalzzz,"I’m sorry you don’t have that support. I have had plans when my kids need a sitter. I have never said No for much less important reasons. My speech is always the same, I’ll watch them but they go where I go, I have carted them along even on trips😅 if I have plans they just come with",3,0,2025-12-18,False
7584961617785291533,7584086259543884599,pug_snuggler,"Not my mom but my grandma- I was home for awhile from college because my dad was dying of lung cancer. I flew home so I didn't have my car. I asked to borrow hers (this was long before Uber) to go to the hospital and she said no, I have a hair appointment. :(",10,0,2025-12-17,False
7584608593581277982,7584086259543884599,scott.robertson321,"so sorry, I went no contact 12 years ago and the best decision I ever made",3,0,2025-12-16,False
7584438292880474894,7584086259543884599,a_human.clearly,That’s terrible. 😞,37,0,2025-12-16,False
7599814271190975250,7599666809570722568,aa_b4tt3ry,It happened when I was 14 years old😞,0,0,2026-01-26,False
7599680317360145168,7599666809570722568,highsugar_roll,its not stupid 💕,5,0,2026-01-26,False
7585949294336443150,7584178207570936590,_lindsey_beth_,That's wild 🥀,1,0,2025-12-20,False
7585039563741446943,7584178207570936590,everything_is_fine_elish,that’s terrible,1,0,2025-12-18,False
7584467397030003487,7584178207570936590,koreanhybrid,Omg I’m so sorry. I actually was too also by an aunt….ive never looked at her the same.,36,0,2025-12-16,False
7598703476986544910,7585742346097214221,sagiterrorist951,I hope you are safe and happy love. You didn’t deserve that.,2,0,2026-01-23,False
7592824730466878221,7585742346097214221,zayman334,Yea that’s INSANE,22,0,2026-01-08,False
7605579121959486239,7583817952265814839,llc4532,🥺,0,0,2026-02-11,False
7600240661786559239,7583817952265814839,jamiegurl40,outtavit mole,0,0,2026-01-28,False
7600181905078387464,7583817952265814839,chunki.boi,i cant sleep at night bc i thought about asking for money but felt too bad about it 😭 i dont know how others are so just openly selfish without shame,62,0,2026-01-27,False
7600070466972599070,7583817952265814839,pixiehallowbitch,Do you have Venmo?,0,0,2026-01-27,False
7599666627722068743,7583817952265814839,maxrohg,Man thats so messed up. I pray you are doing fine now bro. Regards from Singapore,0,0,2026-01-26,False
7599145727512101645,7583817952265814839,thedonsdigest,Terrible but never loan anything you will miss - esp money.,12,0,2026-01-25,False
7599067361316045599,7583817952265814839,ethosexterior,$150 bucks? Get a job lol. What you gonna do with $150? Dinner? A north face hoodie? Come on,3,0,2026-01-24,False
7598010727497515806,7583817952265814839,moezinia4,WOW,0,0,2026-01-22,False
7593361497800147725,7583817952265814839,cabezadepollo9,Omggg,0,0,2026-01-09,False
7592602191836414734,7583817952265814839,ruckaz06,Why I hate money,1,0,2026-01-07,False
7589637732578820895,7583817952265814839,mnotforevry1,This is proof that you will do things for people that they’d never do for you,4,0,2025-12-30,False
7586477427786941197,7583817952265814839,insertquartertocontinue,About the same. I just don’t talk to my family anymore.,3,0,2025-12-22,False
7586475624492860191,7583817952265814839,kyranelson,how are you doing now?,2,0,2025-12-22,False
7584283870271849246,7583817952265814839,sdxox4,wow. that was nice of you to give the$200🥺,58,0,2025-12-16,False
7584274535512736542,7583817952265814839,a295569,"I wonder too, I let a coworker borrow 200 cause she need it for rent, even though we are all struggling. Its been a month and a half. I have yet toget my lovey back",282,0,2025-12-16,False
7584127483847967501,7583817952265814839,kayloveandrea,wow,1,0,2025-12-15,False
7584071817040642847,7583817952265814839,angiee_ellayzee,wow,1,0,2025-12-15,False
7583942415582806814,7583817952265814839,sdxox4,"I don't know how those kind of people sleep at night, honestly 💔🥺",990,0,2025-12-15,False
7583938815539069726,7583817952265814839,urmomma025,Wow. Now you know I guess. 🥺,7,0,2025-12-15,False
7583925507423830815,7583817952265814839,_jhenae,Smh,1,0,2025-12-15,False
7586302721487192846,7584178399532548919,frankoceansrightear,can i ask if you did consider adoption?,25,0,2025-12-21,False
7586100592490054413,7584178399532548919,piscesrulethewrld,There is still hope !!,18,0,2025-12-21,False
7598974126073643807,7584908605243392798,groomergrl75,Mine as well. I don’t understand why people the parents can treat and say such disgusting things.. Heartbreaking.. I would never treat my children this way. 😢😢😢😢,3,0,2026-01-24,False
7594630931450413854,7584908605243392798,pinkdarulaa,actually sobbing rn,5,0,2026-01-13,False
7593736757956363022,7584908605243392798,yehoot69,"Right, just sad",0,0,2026-01-10,False
7601971390829265695,7584630866908889911,neecee9364,ur doing a good job momma! I see you. carry on with ❤ love,3,0,2026-02-01,False
7602816758555312910,7584630866908889911,ravenwarriorangel,Thank you😭 nobody has ever said that to me😭 I appreciate you so much!❤️,1,0,2026-02-04,False
7603097665467826975,7584630866908889911,neecee9364,You are so very welcome! I'm delighted I could bid u such awesomeness! but I'm sorry no one has told u this before. 😔 best of luck my deat,1,0,2026-02-04,False
7603234391880368910,7584630866908889911,ravenwarriorangel,thank you my friend! keep spreading the kindness!❤️,1,0,2026-02-05,False
7600037385838232350,7584630866908889911,xxbxby3,She definitely is,0,0,2026-01-27,False
7599682568087192341,7584630866908889911,ambushdestiny,wish you the best,0,0,2026-01-26,False
7600258718140023582,7585049982269440823,dustinm292,WUT!!!!!????? 💔😭,1,0,2026-01-28,False
7587659092307542815,7585049982269440823,zule0213,"Best decision of your life, God bless you and your family. 🙏❤️",3,0,2025-12-25,False
7587565527628940045,7585049982269440823,the_feydog,"I haven’t, for 17 years",13,0,2025-12-24,False
7587565449245836045,7585049982269440823,the_feydog,I cut them out of our lives,42,0,2025-12-24,False
7586094455423501069,7585049982269440823,_forthecure,Oh my God 💔,15,0,2025-12-21,False
7585845216642007839,7585049982269440823,zule0213,"Let them have their casino nights, when they call you to help wipe their behind, remind them of their casino nights. 🤷🏻‍♀️",359,0,2025-12-20,False
7585642812063630111,7585049982269440823,ladyrah519,wow id never speak to them again,38,0,2025-12-19,False
7586118279971701518,7583920542085350199,schminz,Thank you. ❤️,2,0,2025-12-21,False
7586097847524573982,7583920542085350199,honeybadgerhc,wow. that just pissed me off so bad for you. I'm so sorry.,5,0,2025-12-21,False
7584205187909534494,7583920542085350199,kimgoingsthomas,"I am so sorry, like it was your fault.",17,0,2025-12-15,False
7600471216063185694,7600058663349256991,rdpsuki06,They can’t *,0,0,2026-01-28,False
7606015898336199446,7584837549538755342,marie.mcknight7,That's sick sorry to hear that lovely 😡,1,0,2026-02-12,False
7605652180016497421,7584837549538755342,urrfavvchatterbox,I’m so sorry that happened☹️I’m Jesus name I pray that you heal! Amen!,0,0,2026-02-11,False
7604693080961286943,7584837549538755342,b468067,As a girl mom…this infuriates me😞,1,0,2026-02-09,False
7604164563710591776,7584837549538755342,fawltytowels,I am so sorry she didn't protect you :(,1,0,2026-02-07,False
7600602417285104414,7584837549538755342,blackmagicwoman277,🥺,1,0,2026-01-29,False
7600530619525514006,7584837549538755342,graceelizabethh.1,"Blessing in disguise..I’m so sorry this happened to you, you deserved better x",1,0,2026-01-28,False
7600324484243440406,7584837549538755342,xvideosgrapegoat,L,1,0,2026-01-28,False
7600258016352797471,7584837549538755342,dustinm292,💔💔💔😭😭😭😭,0,0,2026-01-28,False
7600030149144675092,7584837549538755342,misterbankaybiewer,Not just that. How could any adult/human choose their comfort & a predator over the safety of ANY child. I grew up with a lot of DV. So I get really triggered by aggression. It triggers that fear response in my nervous system. I’m not a parent. Yet multiple times in my life I have intervened to tell random strangers to stop yelling at or hitting their children despite being terrified. I can’t imagine not protecting your own child. I’m so sorry 💙,2,0,2026-01-27,False
7599064275949503263,7584837549538755342,nz1ah,UGH! Same happened to me. I haven’t spoken to my mother in YEARS. And tbh it’s just better that way 😭,4,0,2026-01-24,False
7598348561445258014,7584837549538755342,mozzsticklover01,"My moms the same way, and so is her mom",3,0,2026-01-23,False
7598259808253330206,7584837549538755342,kiana3240,I’m so sorry i know all too well how it is having a mother that cares more about her self image and having to do more work than taking care of their children,1,0,2026-01-22,False
7595774918659818270,7584837549538755342,leyla_ny,Don't think about it anymore.Open a new chapter with beautiful memories 💕🥰,2,0,2026-01-16,False
7591656496527901454,7584837549538755342,megadoofus,"This is surprisingly common, I don't really understand it, but it's such a sad reality of the human condition.",2,0,2026-01-04,False
7586340118127985421,7584837549538755342,cauliflowerwing,Unfortunately money mattered over motherhood in our families. I hope you’re happy and loved now 🫶,3,0,2025-12-21,False
7586117864068530974,7584837549538755342,amarajohnsonnn2,"It’s super hard to come to terms with. Especially when it’s our moms. Humans are naturally more attached to moms than dads, so being deeply hurt by mom is so so hard. Thank you, I hope you are as well❤️",7,0,2025-12-21,False
7586112160126059278,7584837549538755342,cauliflowerwing,"I’m sorry you went through that, and I hope your life is better now ❤️",2,0,2025-12-21,False
7586112043275600653,7584837549538755342,cauliflowerwing,Growing up and realizing just how messed up everything was is so hard. I hope you’re doing okay 🫶,10,0,2025-12-21,False
7586011663145927454,7584837549538755342,amarajohnsonnn2,"Something very similar happened to me. My stepdad SA’d me, and my mom married him 2 months later, even though she knew the night it happened. She said she stayed because she wanted a normal family dynamic, which was never gonna come after he SA’d me. For me, it was 11.5 years ago. I filed a report this year in August. My mom decided to finally leave him 2 months later. Since being an adult, but more-so being 23 almost 24, I’ve realized how serious the situation is and how my mom didn’t protect me AT ALL. I don’t think our relationship will ever be the same",41,0,2025-12-20,False
7586010998361916174,7584837549538755342,melinnewt,"I’m sorry, dear heart. It’s so awful that the person who brought you into this world and should protect you the most didn’t do her part. You deserve better.",4,0,2025-12-20,False
7585983289053463351,7584837549538755342,omystars1684,My mother said you are 16 and will be leaving home soon. He is a great father to your little sister. I’m not leaving him over you. I’m 66. This was typical in the time period I grew up in,2,0,2025-12-20,False
7585978278574916382,7584837549538755342,lacibradfield,😭💔,1,0,2025-12-20,False
7585961749116732174,7584837549538755342,cauliflowerwing,"I’m so sorry that happened to you ❤️I’ve never known someone that’s had the same experience, so thank you for sharing, and I hope your life is infinitely better and full of nothing but love and happiness 🫶",19,0,2025-12-20,False
7585940973739328311,7584837549538755342,renmcchubbins,"omg i came her to comment almost the exact thing. when i told my mom, her response was the same. “what do you want me to do about it?” and that i was ruining her life",79,0,2025-12-20,False
7585938818516615967,7584837549538755342,silverstarboymom,🙏🏽😒.,1,0,2025-12-20,False
7585896247137075982,7584837549538755342,croddfortodd_92,I feel this almost. It’s not your fault though. They literally don’t have the capability to see past anyone but themself. And especially not their children. I could go on and on for hours to my mom and she would tell me that “It’s hard to find someone when you’re older”. They literally can’t. Can. Not. ❤️‍🩹. I’m sorry that happened to you though. Hope you’re giving yourself better now. don’t let them change you and your thoughts❤️‍🩹❤️‍🩹,130,0,2025-12-20,False
7585830071739515661,7584837549538755342,missandry36,I’m so sorry,9,0,2025-12-20,False
7599723337237185300,7586015607550100237,d7._.oom,HOLY !?? Girl I’m so sorry for you you really deserve better,7,0,2026-01-26,False
7599834141874701077,7583921468544910110,lokiofasgard_xo,no because same??omg,0,0,2026-01-27,False
7599032605937746701,7583921468544910110,mandyge1984,well we can pretend that happened and just never talk again. That's what I did,5,0,2026-01-24,False
7595131321141723918,7583921468544910110,www.ihateniggas.org,I was 13.,0,0,2026-01-14,False
7586458219862917901,7583921468544910110,boyymamaaa0,I could never imagine telling my son that omg 😭 I'm so sorry.. I hope you do heal 🙏🏽,0,0,2025-12-21,False
7585993592767775543,7583921468544910110,user471068403,"I’m glad you understood it had nothing to do with you.. my mom was brutal growing up , 2 decades was enough .. I learned and had quick responses by my mid 20s.. went from kind & respectful to cold hearted.. (only to her though, being mean wasn’t in my nature ).. she eventually stopped and now thinks twice before saying anything as she knows I can be even uglier... (sad part is I see her as my child and not my mother).. I love her and will always be there for her.. but it will always be up to her how ugly she wants me to be with her.. and from the looks of it, I think she’s done..",1,0,2025-12-20,False
7585950162524095287,7583921468544910110,bereniceperez285,I was 5. I still remember every day.❤️‍🩹,0,0,2025-12-20,False
7585832974156153631,7583921468544910110,laurastibora,nope. Just finished her end Hospice for 2.5 years. soul crushing but I did what was necessary. There was some peace to myself that I was able to do that. Soul crushed still. I kind of got a peaceful mind about it. I was not the problem.,0,0,2025-12-20,False
7585818844314288910,7583921468544910110,user471068403,What in the world?! 😭 At 51.. 💔 .. I would’ve turned around and been like “..isn’t your time coming soon? 🤨 you’ve been here long enough 😒..”,0,0,2025-12-20,False
7585295210395517751,7583921468544910110,leave.fly.explore,"She said that to me repeatedly. She would say “I pray that God takes you, I would be happier” ..",3,0,2025-12-18,False
7584661981689774878,7583921468544910110,goddessofkronos1,🥺❤️‍🩹,0,0,2025-12-17,False
7584212343031497502,7583921468544910110,anonymous88123,"I’m so sorry. I’m working on healing, I hope you are too 💕",4,0,2025-12-15,False
7584150716990636830,7583921468544910110,laurastibora,"Mine did this to me at 51 while I was tending to my Father ( her husband, still) end of life Hospice. Just to make it sting a little more, my daughter was present.",0,0,2025-12-15,False
7584125162200924958,7583921468544910110,navyfamily4,I feel this. I was told this on repeat.,8,0,2025-12-15,False
7584048966044566286,7583921468544910110,hippienurse69,Mine told me she wished I had never been born when I was 17.,49,0,2025-12-15,False
7615841404212085520,7601168815150039822,librairie.acces,This one was really heartbreaking 💔💔,0,0,2026-03-11,False
7604695531813864222,7601168815150039822,b468067,This is sickening. I’m so sorry.,3,0,2026-02-09,False
7602895977972925198,7601168815150039822,geezlouise34,"This is painful, I hope you are doing well today 😔",9,0,2026-02-04,False
7584729978873922335,7584247498869310238,wang_tang_mushroom_gang,Did you pick her side?,0,0,2025-12-17,False
7584802023172162359,7584247498869310238,avvverii,She was obviously a child at the time.,18,0,2025-12-17,False
7584896048490365726,7584247498869310238,wang_tang_mushroom_gang,She was 14.,0,0,2025-12-17,False
7600712119692149525,7584247498869310238,jas17227,"congratulations, 14 is a child",0,0,2026-01-29,False
7600260671310627614,7584247498869310238,dustinm292,how i would be so proud to have a strong beautiful daughter like you,1,0,2026-01-28,False
7600143191450501919,7584247498869310238,pilotpaul3,WTH,0,0,2026-01-27,False
7600143409764959006,7584247498869310238,femmefatalekc,Yeah. He also never came to visit me when I was going through cancer.,1,0,2026-01-27,False
7600145314591097630,7584247498869310238,pilotpaul3,"I’m so sorry, I had cancer too. We need to stick together, the H with the mean ones but doesn’t make it better!",1,0,2026-01-27,False
7584478496128533303,7584247498869310238,meomy28,I hope you held him to his word.,8,0,2025-12-16,False
7600277371439006497,7584309663832671031,djsmwbeiskcuxnenbeejso,"“Forever”? No, it’s only until 18. You can still get it in your 20s (exact age varies between region, where I’m from it’s until 26) but only if you’re still studying.",1,0,2026-01-28,False
7586514534321505055,7584309663832671031,thecha0sgr3mlin,Of course. 🥰,1,0,2025-12-22,False
7586480718525858573,7584309663832671031,geezlouise34,Thank you 🥰,1,0,2025-12-22,False
7586411837685957406,7584309663832671031,thecha0sgr3mlin,"No shit Sherlock. She was avoiding CPS so she wouldn’t be put in the foster system. But her father was still legally her father. Her dropping out of school doesn’t change that. Hell, even if he had given up his parental rights, he would still have to pay child support. My bio father gave up his parental rights to me when I was four and was constantly moving around to avoid being found so he didn’t have to pay child support. He was finally forced to pay it and didn’t finish paying it until well after I turned 18. Think I was in my early to mid 20s. I’m 30 now",70,0,2025-12-21,False
7586297651814417165,7584309663832671031,mayaroo303,Awesome! I’m glad it’s worked out for you 💓💓,1,0,2025-12-21,False
7586164819767116557,7584309663832671031,geezlouise34,Thank you for asking! I just turned 40 and have a wonderful husband and 2 beautiful daughters 🥰,14,0,2025-12-21,False
7586161694750065422,7584309663832671031,mayaroo303,How are you doing now?,3,0,2025-12-21,False
7585762812053668638,7584309663832671031,lilmizsunshine_09,Cps isn’t child support,14,0,2025-12-20,False
7585742947124708127,7584309663832671031,rcg2205,oh baby im so sorry,4,0,2025-12-20,False
7585742537865478967,7584309663832671031,pinkstuds619,"Poor baby, I’m so sorry 🥺",3,0,2025-12-20,False
7584686031129248526,7584309663832671031,billowminion,you know that's not true and child support follows you forever. you can still get the money.😳,98,0,2025-12-17,False
7600710548577665813,7600448132610867990,jas17227,"I'm really sorry she said that to you, and even though I'm just a random stranger on the internet, I'm really glad you were born",1,0,2026-01-29,False
7604694330109281055,7584431232508248862,b468067,If only you knew the things my dad said to my brothers 😞 and us girls. They all still talk to him and respect him…I can’t understand it.,0,0,2026-02-09,False
7600259605247083294,7584431232508248862,dustinm292,to an 8yo.... 😢,0,0,2026-01-28,False
7600030775170073365,7584431232508248862,misterbankaybiewer,💙💙💙,0,0,2026-01-27,False
7599902898365399809,7584431232508248862,tridzfr,"i'm sure he didn't really mean it, just came out in a moment of frustration",0,0,2026-01-27,False
7589468088850465591,7584431232508248862,rue2103,I hope you have a family of your own that shows you that your loved 🥰and appreciated one day. 🥹🥹,1,0,2025-12-30,False
7586301882127434510,7584431232508248862,bigreem405,That was his way of saying you're all he has,2,0,2025-12-21,False
7586010484949893902,7584431232508248862,thereisonlyonebatmite,No. Their voice in your head. Makes you determined. Not to be that way,2,0,2025-12-20,False
7585897470283219726,7584431232508248862,croddfortodd_92,It’s not ok though. Bc you grow up and their voice now lives in YOUR head telling you the things they once told you. Instead of it being im proud of myself it’s I hate myself i did such a bad job. these things stay with us if we don’t acknowledge it☹️☹️❤️‍🩹,1,0,2025-12-20,False
7585813432784667405,7584431232508248862,user471068403,Not to a little kid 😭 Jesus.. I hope you understand that had nothing to do with you.. he was self projecting his “misery” on to you..and unfortunately children are easy targets as we’re too young to defend ourselves .. 💔,2,0,2025-12-20,False
7585357940418396959,7584431232508248862,whimsicalkindnessco,I hope you know how much you're truly worth 💜,3,0,2025-12-19,False
7585262637727040269,7584431232508248862,icu_lookin0,That made my heart hurt for you. Mom hugs to that little boy💌,2,0,2025-12-18,False
7585023068432974605,7584431232508248862,aprilchapman97,You didn’t deserve that. Humans are so mean. I don’t like them much. What a painful thing to hear from your Dad. I’m sorry I,19,0,2025-12-18,False
7584921924716987150,7584431232508248862,rue2103,💔💔,2,0,2025-12-17,False
7584858767959819022,7584431232508248862,thereisonlyonebatmite,I grew up like this. It’s ok. We are ok. 👌,3,0,2025-12-17,False
7584777297358881567,7584431232508248862,lsc0912,My daughter is an only child; she went to work with her dad also; my point was that he should have been grateful and happy that you TRIED,2,0,2025-12-17,False
7584756172280824607,7584431232508248862,user8757256599694,I was the only son out of 3 girls,1,0,2025-12-17,False
7584753632392282910,7584431232508248862,lsc0912,💔💔💔8 years old and working like an adult❤️❤️❤️,3,0,2025-12-17,False
7584641099031200526,7584431232508248862,blond663,I’m so sorry. That’s rough n I’m sure hurts..,6,0,2025-12-17,False
7584626276103799582,7584431232508248862,tikkytoktok824,Same. I was helping my dad's shop out. Going to school full time and working at the shop 40 hours as week as a teenager. Unprovoked. He randomly tells me one day why are you so annoying and unloveable. I really thought something was wrong with me after that. Guess who is at a nursing home with nobody visiting him now.,7,0,2025-12-17,False
7584435259737408286,7584431232508248862,askaurea,Awwww sorry fren,158,0,2025-12-16,False
7604695326011720478,7600196376165073672,b468067,😞,1,0,2026-02-09,False
7602897441465926413,7600196376165073672,geezlouise34,"This is so painful, I hope you have been able to find peace since 😔💕",4,0,2026-02-04,False
7585804356239917854,7585428645332075295,megcatxo,"Jesus I am so sorry 😞 I have also suffered multiple losses but not to your extent. I’m so sorry your mother treated you this way, the grief is not something that just stops 💔",13,0,2025-12-20,False
7600235826974901008,7600037499457438484,airconditioner470,they definitely failed seeing how they werent doing anything for you,3,0,2026-01-28,False
7600040461580419847,7600037499457438484,hlogvw,💔 im sorry,1,0,2026-01-27,False
7588244834964833054,7588244649077555999,tayerica98,Still no contact with him to this day and I’m almost 28,2,0,2025-12-26,False
7587499389943186207,7584119595829723959,rastaferrari_829,"I asked my sister to take me to the urgent care after I had a nasty fall off my electric scooter. she said ""why can't you take an uber?""",4,0,2025-12-24,False
7586343356272231198,7584119595829723959,strawbriry,after they asked “why” what did you say?,0,0,2025-12-21,False
7584755076607263518,7584119595829723959,lsc0912,“Former” best friend,39,0,2025-12-17,False
7584323668361200439,7584119595829723959,sallyalleycat,hes not family,9,0,2025-12-16,False
7584288030691869454,7584119595829723959,kimincandelascali,I’m,0,0,2025-12-16,False
7598254223339291405,7584929300202668813,khloelovespigeons,My mom does the same oh my gosh 💔 I’m the worst hypochondriac in the world too I constantly have panic attacks over her,1,0,2026-01-22,False
7587458930352325406,7584929300202668813,daphneyowkruger,Me just realizing this is why I was scared of death at a very young age! I remember my parents having the preacher come to talk to me about it at our home. It’s because they kept telling me I was going to cause it!,9,0,2025-12-24,False
7586316626451104567,7584929300202668813,realjfromtheb,💙💙,0,0,2025-12-21,False
7585938171658240799,7584929300202668813,soradaps,I’m in the same boat. My mother used to say this to me constantly and so did my dad. They still do and I have severe death anxiety and trauma.,19,0,2025-12-20,False
7600258815142200094,7584272277039366925,dustinm292,omg 💔💔💔💔💔💔,0,0,2026-01-28,False
7601837524235010836,7599717109299544853,anevnu,right like she just told me im ugly 😭😭😭,1,0,2026-02-01,False
7601682112835486482,7599717109299544853,pressessa.laur,This is backhanded lol,1,0,2026-02-01,False
7600065008718185236,7599717109299544853,mogau.28,😂,0,0,2026-01-27,False
7599717285552538389,7599717109299544853,anevnu,shi lowk ruined my holidays,11,0,2026-01-26,False
7586209052549989151,7585059430535922487,roaeroaeroae,Im sorry but what’s wrong w this?? 💀,25,0,2025-12-21,False
7586282240893731639,7585059430535922487,xbyzsaa,to hear you aren’t wanted as a child is gut wrenching..,100,0,2025-12-21,False
7586553925268964109,7585059430535922487,csg9558,you can't be serious? it could have been put a better way.,27,0,2025-12-22,False
7587190750762353439,7585059430535922487,roaeroaeroae,Im not ragebaiting. “No i dont want to” in regards to adopting a child def hurts but i didn’t really fathom how shattering it was,1,0,2025-12-23,False
7593364235418108727,7585059430535922487,cabezadepollo9,Not everybody wants to be responsible for more than one child,2,0,2026-01-09,False
7604711201696088863,7604707662437860126,mejiaaaa._6,"That’s amazing, very proud of you for staying strong🙏🏽",1,0,2026-02-09,False
7604710673718002462,7604707662437860126,luckyt.7,my son is now three and the best thing to ever happen to me,1,0,2026-02-09,False
7604710430082679583,7604707662437860126,mejiaaaa._6,That’s awful,1,0,2026-02-09,False
7600855694232929037,7585102156916097806,notworthyourlife,"Actually to him it mat be true but we have different goals, different dreams and different views on life. He values money over everything. I value my family, my soul, my peace I believe I'm doing amazing. He has his life and I have mine. I just miss being a kid and having a big brother to look up to.",1,0,2026-01-29,False
7599899967181259541,7585102156916097806,mendogomen,"i always defended my sister, especially in rooms she wasn’t in. but to her, i was an obstacle to her getting anything she wanted from our dad. i understand completely.",5,0,2026-01-27,False
7599802596568040193,7585102156916097806,msbizbeng,It's really hard to dearly love a sibling who does not love you back the same way. I see you. ❤️❤️❤️,1,0,2026-01-26,False
7599083709337355021,7585102156916097806,joeacetrainer,Sounds like he was right 😂,1,0,2026-01-25,False
7600266949129716510,7583913897310192414,dustinm292,that is some of the worst I've read here,11,0,2026-01-28,False
7598403512221483806,7583913897310192414,renadalton6,"I talked to her today. She had a good day, I had a good day. 🥰 30 years later",0,0,2026-01-23,False
7584907259021951775,7583913897310192414,misstin99,So against the odds you became a great mom! It takes high emotional intelligence to break cycles. Your positive parenting will ripple into future generations too 👏 ❤️,2,0,2025-12-17,False
7584658722821538591,7583913897310192414,renadalton6,"All I can do is be a good mom to my son. No alcohol, help with homework with a patient heart, teach him to help those who can’t help themselves, and always treat people the way God would. You can’t change what people think of you, but you can control how you feel, how you act, and how you react. Ok, now I’m crying 😩",5,0,2025-12-17,False
7584279079097926431,7583913897310192414,rhaller74,Do we have the same mom?,1,0,2025-12-16,False
7584158239770067742,7583913897310192414,misstin99,That’s so cruel and untrue. You matter and you always have. You didn’t deserve that pain,8,0,2025-12-15,False
7584099542321595167,7583913897310192414,vada740,Mom said the same screamed it in my face when I was 13 . I’m 45 that’s something that stuck with me forever,3,0,2025-12-15,False
7583913934807614239,7583913897310192414,renadalton6,And I was present for these conversations,49,0,2025-12-15,False
7586760090956727095,7584155157186249485,mkhotmessmom,And then they wonder why we don’t talk anymore 🤷‍♀️🤷‍♀️,0,0,2025-12-22,False
7586747436355257102,7584155157186249485,hilarie510,"""Youre too sensitive"" and they never saw me vulnerable again. They will never get to know the authentic me bcuz they shut it down.",2,0,2025-12-22,False
7585792785682809655,7584155157186249485,mkhotmessmom,"As difficult and hard as it, some people just don’t want to change or can’t change no matter how much you beg them to or want them to, you end up just burning yourself 😭",1,0,2025-12-20,False
7585788999178421006,7584155157186249485,whimsyless,Same girl 😢 idk why I’ve always felt like I can change my mom ❤️‍🩹 but some people are just too stuck in their ways 😔,3,0,2025-12-20,False
7585225748237501198,7584155157186249485,mkhotmessmom,Exactly! 💯👏,3,0,2025-12-18,False
7585208265409037087,7584155157186249485,atariq2955,"Even if it happened years ago doesn’t mean it doent and shouldn’t affect you still. Parents mold their kids, most fear or anxiety or depression we have comes from childhood. Your brain can literally never forget that.",11,0,2025-12-18,False
7600263849569485599,7584082301647373070,dustinm292,why would he ever say that to her if he was going? ? ? Just why??,2,0,2026-01-28,False
7600141746064900895,7584082301647373070,nora.gordon0,Very wise not your fight.,0,0,2026-01-27,False
7587261219284337439,7584082301647373070,storyslyr,Your a more forgiving person than my I would have kindly asked her to leave,8,0,2025-12-24,False
7586328964874191629,7584082301647373070,catherinecannon2,"took the higher road and was pleasant but it made me realize alot about someone I once had great respect for. in the end, its not worth the stress. I am a firm believer we get back what we put out in the world 💜",46,0,2025-12-21,False
7585897523273925406,7584082301647373070,gia53712,What did you say when she showed up?,10,0,2025-12-20,False
7585365219549348621,7584082301647373070,sugmag21,I am so sorry. I don't understand how people can be so unkind at the end of someone's life.,43,0,2025-12-19,False
7585356506137625399,7584082301647373070,catherinecannon2,"my mother passed 2 months ago. when I called her sister to say she was dying she said ""well thats sad but I wont be coming to her funeral. I never relly liked her"". I was heartbroken by that comment and then she showed up to her memorial.",124,0,2025-12-19,False
7600214959009039120,7585989778877940510,_pukduk_,😪,0,0,2026-01-28,False
7593138482941788983,7584230495514264375,kaidenmailhot,"Most families aren’t this rough, definitely cool and fun to have a big family lol",0,0,2026-01-08,False
7586142295789388599,7584230495514264375,torres_alexia,Look I have family in Texas I have limited people in Chicago where I live. Believe me don’t feel bad. Heck I don’t want them to stay over.,1,0,2025-12-21,False
7585971753252422431,7584230495514264375,holy.moleigh,Family is what you make of it. I cut off all of my bloodline and life has never been better. 💕,2,0,2025-12-20,False
7585942260660093726,7584230495514264375,janegotti777,"I come from a big family, just my little brother and me and all of our cousins from my dads huge side of his family and my moms as well, my lil bro and me do not speak or talk to any of them (either sides), they treated us so bad for years and we saw it as love since we loved them. I promise you're not missing out on people who don't want to be in your life bc if they wanted to, they'd reach out, only child or not. 💗",1,0,2025-12-20,False
7585601324525552439,7584230495514264375,dewaynebass84,I don't have any family left either but one day we will have the biggest family ever in paradise.,8,0,2025-12-19,False
7605001715926303502,7604916036626875149,pooooky09,Oh no he didn’t cheat! Sorry I worded it wrong but a family member told me he was going to do that to me since I had let myself go 😞,2,0,2026-02-09,False
7604997788706931487,7604916036626875149,scissor_city05,"that’s not a real man, i’m sorry he said that to you :(",0,0,2026-02-09,False
7598450576917627661,7584474551266886430,robloxluvr.99,you’re gorgeous,0,0,2026-01-23,False
7585864493491831582,7584474551266886430,novaa4408,Awww I’m sorry you had to deal with that! I just experienced something similar about 2 months ago my dad kept repeating that I looked pregnant in front of everyone at a get together which was embarrassing and a reminder of why I never go around family,28,0,2025-12-20,False
7585051318377710350,7584132550768984846,jeepgirl0927,"Thank you so much! And I’m so sorry about your son. People are truly cruel. I’m doing this pretty much alone, but thank you. I hope you have a big support system as well. 🫂💜",1,0,2025-12-18,False
7584938255210185485,7584132550768984846,barbiedivorcedken,Im so sad that you are in hospice. I hope you have a strong support group with you. I don’t believe God gives anyone cancer as a punishment or because they don’t pray enough. May you find solace and feel love during hospice. May you know peace at the end. Sending love. ❤️,10,0,2025-12-17,False
7584874023139312439,7584132550768984846,jeepgirl0927,I’m on Hospice for stage four breast cancer. I’ve been told many times that it’s my fault because I didn’t pray enough. I’ve always believed in God and stuff like that makes you wonder.,35,0,2025-12-17,False
7600026937125716752,7586171641069257502,duskk481,That’s horrible! You don’t deserve that kind of person in your life I’m so sorry :(,1,0,2026-01-27,False
7597219689648030494,7586171641069257502,maddalxna,"idk my mom is super republican and religious and i’m not, so we clash about that a lot",3,0,2026-01-19,False
7597176996078437134,7586171641069257502,luxlady5,What kind of person does she mean?,1,0,2026-01-19,False
7586171773596582686,7586171641069257502,maddalxna,my mom said that to me btw,1,0,2025-12-21,False
7596766577032184607,7584155489518289694,jenlynn323,"Fortunately, my husband’s experience was very positive. He hung the moon as far as his parents were concerned, he was incredibly loved. He has no real interest in finding his birth parents because his only parents - to him - are those who raised him.",3,0,2026-01-18,False
7585345565219734303,7584155489518289694,throughthevineshop,I would've shattered it all. Now none of us can have it! I think that's fair.,0,0,2025-12-18,False
7584755926827074335,7584155489518289694,lsc0912,🤬🤬🤬,1,0,2025-12-17,False
7584177670997541663,7584155489518289694,jenlynn323,"My husband had the same issue. His aunt said he wasn’t really part of the family, to my Mom days after his Mom died. We didn’t tell him because he didn’t need that hurt. She told me not to send more pictures of our one year old, it wasn’t necessary, again, after his Mom died. I hate his aunt, miserable woman & hope she has been miserable since. How cruel.",16,0,2025-12-15,False
7584175738414138143,7584155489518289694,wilmadikfit23,Ugh so much trauma with adoption. I’m adopted as well. My niece and her wife talked about adopting and I was adamantly against it. They understand. I’m sorry you went through that.💜,11,0,2025-12-15,False
7583909385412936478,7583892065522041630,7676brand,It is not anger..it is hurt😢,63,0,2025-12-15,False
7601683857738662663,7599794293839053576,pressessa.laur,Same lol. Mine said she wouldn’t have kids and I understand her fr. I really do but DAMN. Didnt have to say it in my presence,0,0,2026-02-01,False
7601537132728992530,7599794293839053576,_m_lly__,yeahh I know,0,0,2026-01-31,False
7599803896815715093,7599794293839053576,dvsjwdvdh,i mean i dont think she meant in a personal way but raising kids is such a commitment so its understandable if she wished for anothet type of life,1,0,2026-01-26,False
7589319664921576222,7585450794297426718,157643222345663b,No. I couldn’t get past the betrayal. We tried. But that moment kept rearing its ugly head. I couldn’t/cant get over how he could be ok with a child (one that he said he loved so so much and was his) being hurt intentionally by his family. I would burn the world down for any child let alone MINE. We are friends and he is a great man and dad but that just is in the back of my head. He will tell anyone that was the biggest mistake of his life. I have forgiven him but I just can’t forget it.,81,0,2025-12-29,False
7605513287057130271,7585450794297426718,kayalancaster1,You’re a good mom,2,0,2026-02-11,False
7599215654520128286,7585220890578141983,b_luvley01,Congratulations!🎉 💪🏾,2,0,2026-01-25,False
7599085201453990670,7585969251250602782,joeacetrainer,So what’s the complaint here,1,0,2026-01-25,False
7585992913088234295,7584122525975151415,nobuddycares,Omg. I'm so so so sorry.,9,0,2025-12-20,False
7601022695871038263,7586007691496473358,nate_thatw3254,Plus factory jobs make good money i worked in two of them,0,0,2026-01-30,False
7600536413100933910,7584003987591086878,rileyyyxxk7,Putting you partner before your parents is way different than putting your partner before your own CHILD/CHILDREN,6,0,2026-01-28,False
7599972435085706004,7584003987591086878,ribenard,"He may not be a great dad, but sounds like a great husband.",3,0,2026-01-27,False
7599841654917350174,7584003987591086878,coreyclamp,I've told my kids the same but in a much more supportive way. It's one of those conversations that must be delicately navigated.,5,0,2026-01-27,False
7586341196491113271,7584003987591086878,runofthemilf,See I don’t understand this because even if you felt that way what about it is so necessary that you have to say it to a child? I remember this being said to me and it’s gut wrenching,32,0,2025-12-21,False
7585795716012032799,7584003987591086878,yourfavoritecolor,I don’t think he meant it in bad way. (Then again idk your dad lol) but some people say this because at some point you will put your partner before your parents. Could he have worded it better? Of course.,62,0,2025-12-20,False
7584235625012970271,7584003987591086878,karakilgore,Creepy,5,0,2025-12-15,False
7584166411633034039,7584003987591086878,mamarosie12,There are people that feel that way about their spouses. I don’t get it. I’m sorry.,27,0,2025-12-15,False
7599797712679109397,7585957401493914381,8rnn4slp,How was she even mad?? 😭,0,0,2026-01-26,False
7600232192137331487,7587123136069796622,nokorilation,Thank you 🥺,1,0,2026-01-28,False
7600141272347099934,7587123136069796622,nora.gordon0,You did good for your boy Mama,3,0,2026-01-27,False
7585229185812857614,7584852467826672398,meteorflower84,Jesus,8,0,2025-12-18,False
7599288880412295966,7586310158554088222,mrsboco252,Tysm....We have awesome memories here.,1,0,2026-01-25,False
7599160193650033422,7586310158554088222,tylertherealtor_,In that small house as a kid where the best days ever,2,0,2026-01-25,False
7599160168319812407,7586310158554088222,tylertherealtor_,I truly hope you are making unforgettable memories in that “small house” I grew up poor then rich then poor ! I now live in a very nice big house myself and the days with nothing,4,0,2026-01-25,False
7600249760322208519,7600209658116965150,siffalyss,i feel like that's just annoying not a big thing,17,0,2026-01-28,False
7584176512312967967,7583996746340107039,kmn_kauai,"I wasn’t in a place mentally or physically to do that but after several similar incidents over the next few days I snapped. We’re no contact now and that’s for the best. It might not have been the sole reason, but it was indeed the straw the broke the camels back. Thank you. 🤍",19,0,2025-12-15,False
7584018971328004878,7583996746340107039,ktorresvi,Did you rip it out of her hands because that would’ve been my response. To breath his scent in while laying on his side of the bed…I’m sorry for the loss of your husband.,7,0,2025-12-15,False
7601701007408825106,7583922582396912398,pressessa.laur,Thanks! 🌟☺️,1,0,2026-02-01,False
7601697371399193399,7583922582396912398,act085678543,You’re charming! 💕,0,0,2026-02-01,False
7601683214432813832,7583922582396912398,pressessa.laur,Right my god 😭💀. This is BAREY traumatic.,1,0,2026-02-01,False
7586862088813069111,7583922582396912398,act085678543,Hey! Thanks so much!,0,0,2025-12-23,False
7586748948393083662,7583922582396912398,hilarie510,All these truly traumatic experiences and then this comment 😂,5,0,2025-12-22,False
7585426027452597006,7583922582396912398,madlime,i would've cried for days,5,0,2025-12-19,False
7585335236004168462,7583922582396912398,messengerofchrist84,That’s ok. It’s innocent,6,0,2025-12-18,False
7584611793776739127,7583922582396912398,kate_12..2,That seems like it could be an innocent oversight. Forgive,27,0,2025-12-17,False
7584146182478480142,7583922582396912398,ellen.fellows,"oooox[[,[99【[[",1,0,2025-12-15,False
7587827342828143391,7584863190878896951,raspberryk07,did your family only want you to marry a doctor?? 😭,4,0,2025-12-25,False
7600711928697094932,7600016836415472415,jas17227,"so HE hurt you with it? that wasnt fair on you, and im sorry",0,0,2026-01-29,False
7599215465161212703,7583813948072428319,b_luvley01,I’m 55 and my egg donor has the same type of energy,0,0,2026-01-25,False
7584211580742812430,7583813948072428319,mgbinsd,For some reason my mom’s words hurt me way more at 55 than when I was little. I’m sorry,3,0,2025-12-15,False
7583862367944786718,7583813948072428319,almost.karen,🥺 My mom said to me when I was 51 that the worst mistake she ever made in life was having kids. That was 6 years ago and I have been no contact ever since. It is very bittersweet 💯,11,0,2025-12-14,False
7583817032048591630,7583813948072428319,robertmckinney568,"When I was a little kid my mom used to say, ""I could have had an abortion"". The insinuation that I should be thankful to her even though she was a POS. I was smart enough to do the math--I was born a couple years before Roe vs Wade--so I knew what she was really thinking.",7,0,2025-12-14,False
7583815409587372814,7583813948072428319,ectoplasmicbat,💔🫂,1,0,2025-12-14,False
7600046711834297118,7584805619283624734,jessbecause28,Almost all did. 😢 My aunt married to my mom’s brother and my dads side did not. I am very close to them to this day. ❤,1,0,2026-01-27,False
7599940501421540127,7584805619283624734,sharay7131,oh my but did they listen to her?,0,0,2026-01-27,False
7599681297662362388,7586209738388980510,suemat1,oh 😢 I am so sorry,0,0,2026-01-26,False
7595095199472337695,7586209738388980510,vaaaaa760,Girl I am so so sorry that happened. I hope you know it’s not ur fault what happened that day,1,0,2026-01-14,False
7585148066861744951,7583799115885888270,lynnephillips629,"It was her brother and she felt she had the right to tell him what was going on, then his wife spilled the beans",0,0,2025-12-18,False
7584060757957362446,7584046195052823327,faafo22,Damn people are awful. I’m so sorry. Nobody told me when my bio dad died either. Just excluded from that closure.,5,0,2025-12-15,False
7599085439635194637,7583939154204345119,joeacetrainer,No it’s not lmaoo,0,0,2026-01-25,False
7585106008244126478,7583939154204345119,jeepgirl0927,"Usually, they get me too. But I guess they were asleep last night. I was cussing people out like crazy. 😂",3,0,2025-12-18,False
7585053124650910495,7583939154204345119,beatzramirez,That’s crazy!!!!!!! I just misspell something and I get a strike. 😂😂,0,0,2025-12-18,False
7585051691240080142,7583939154204345119,jeepgirl0927,"I feel like my thing is sleeping 😂 because there was this video of an overweight girl, and people were so mean to her and her comments and I just went off. Under all of them. How I still have a TikTok I don’t even know. Not one system reported comment.",4,0,2025-12-18,False
7584932569876579103,7583939154204345119,beatzramirez,"I tried, I still got a strike. 😭",2,0,2025-12-17,False
7584874617463505677,7583939154204345119,jeepgirl0927,I always dumb down what I was told for the same reason.,5,0,2025-12-17,False
7584182778163036941,7583939154204345119,tessieloves5,❤,2,0,2025-12-15,False
7586008811280106295,7583937775474639630,sunflowersky_413,I don’t know how to tho,1,0,2025-12-20,False
7585887602243765047,7583937775474639630,jeepgirl0927,"I have severe CTSD and PTSD. It’s still possible just give it time. But it’s really all about a mindset. I will never forgive him personally. But I was holding way too anger and hatred, and I had to go",0,0,2025-12-20,False
7585883983726478110,7583937775474639630,laiiniee,"Oh well, I feel like I forgave, just still hurt. Then again, I’m suffering PTSD as a result of what that person did to me so that could be why I don’t feel different 🫩",2,0,2025-12-20,False
7585861263172682510,7583937775474639630,jeepgirl0927,No. They’re just not at the right spot to be able to do it. I couldn’t do it till I was 32 and I quit talking to him at 18. Everyone’s different.,1,0,2025-12-20,False
7585844753846731551,7583937775474639630,laiiniee,I tried and I don’t feel different. Did I not forgive then??,1,0,2025-12-20,False
7585707899402388279,7583937775474639630,sonjamoore5553,Forgiveness is overrated 💯,4,0,2025-12-19,False
7585593332975584013,7583937775474639630,zooee.mama3,I’m not taking that guilt trip dear. Thanks anyway. Forgiving is not a requirement for healing oneself. Hope this helps,6,0,2025-12-19,False
7585413568674185997,7583937775474639630,iqtruebeauty,"This is not true. You must forgive. You should not tell people this, as you will be responsible for sending people to hell.",2,0,2025-12-19,False
7585162893685113630,7583937775474639630,blwsquared,"Having it where we are expected to forgive- by the church, by society, by you- takes the power of healing from our hands and reduces our feelings to nothing. I’ll forgive- or not- on my own timeline, not yours. And whether I forgive or not, the one thing I won’t do is ever forget.",3,0,2025-12-18,False
7584874353613357837,7583937775474639630,jeepgirl0927,"It took me until I was almost 30 to learn this. Everyone kept telling me to forgive my father, and I thought they were out of their mind. I finally realized they meant forgive him for myself. So that’s what I did. It was actually very freeing.",1,0,2025-12-17,False
7584495928023925517,7583937775474639630,kayloveandrea,this ty,1,0,2025-12-16,False
7584282956420924174,7583937775474639630,nikkiswife0916,good question. little bit of both,0,0,2025-12-16,False
7584282838116762423,7583937775474639630,nikkiswife0916,had to let it go by saying they are still learning,1,0,2025-12-16,False
7584162710155182878,7583937775474639630,misstin99,You forgive and then cut that person out of your life forever,3,0,2025-12-15,False
7584127165035512589,7583937775474639630,kayloveandrea,how did you forgive,1,0,2025-12-15,False
7584092572635054862,7583937775474639630,zooee.mama3,You can heal without forgiving,27,0,2025-12-15,False
7584037116071248695,7583937775474639630,shdvvffyd,Do you truly forgive or just move on from the situation? Genuine question,5,0,2025-12-15,False
7584023618448704287,7583937775474639630,grantie_73,Thank you,1,0,2025-12-15,False
7600959883857642262,7584862905301025591,mariiam8975,wow!,0,0,2026-01-30,False
7599890462019355413,7584055269179032334,zzzyyyaaaeee,they projecting,1,0,2026-01-27,False
7585568320180519735,7584055269179032334,waymit,It’s gotten a bit better since then but that one cut really deep. Sorry girl…I really do know how it feels,1,0,2025-12-19,False
7585565475280978718,7584055269179032334,lakeballs1,Meee too 😌,1,0,2025-12-19,False
7584662589315171103,7584555013130502943,goddessofkronos1,❤️‍🩹,0,0,2025-12-17,False
7585015512302535454,7583850351658746654,stanbuie,"Go figure, my mom was lightskin my kids great grandmother on there father’s side was mixed with white… My kids look mixed sorry 😣",0,0,2025-12-18,False
7583884576109855518,7583850351658746654,eleshaharris7,"i wonder why she said that; when I was 7 years old my baby sister was born and when my mom came home with her I asked her why the baby looked kinda white, she told me she was just born that way and her skin will darken over time, now she is the darkest one out of all of us",0,0,2025-12-15,False
7584552761355518751,7583921193796551454,joliebranefflaros,"I’ve told my youngest that he was an accident, but the best accident I ever had and grateful it happened.",0,0,2025-12-16,False
7584242919784612622,7583921193796551454,rosehasathorn,Me four.,1,0,2025-12-16,False
7583967288954880799,7583921193796551454,crispycoldcelery,Me three. She says it like a compliment that she kept me.,3,0,2025-12-15,False
7583956031391367950,7583921193796551454,user57836690,Me too.,3,0,2025-12-15,False
7600536119511679764,7600525470740464406,tukunisi,dang,1,0,2026-01-28,False
7600854865329865494,7583802818747188023,d28000t,You must of been freezing,0,0,2026-01-29,False
7600416962087240478,7583802818747188023,grassroots97,"Not at all, therapy helped me realize that I was raised by a narcissist and it was time to exit.",0,0,2026-01-28,False
7591423882398876429,7583802818747188023,robertmckinney568,"I'm relatively old, and he's long dead. But I never could connect with him, even in old age. He had his own problems largely due to his manipulative wife (my mother)",3,0,2026-01-04,False
7591412624110142238,7583802818747188023,freeda_livery,Do you have a relationship with him?,0,0,2026-01-04,False
7584034847539954446,7583802818747188023,lovebeforearrival,"Nearly same experience with another business on top of rentals… I wish I realized sooner. But yeah, I’m not contact today. Work ethic is great though…. I’m tired.",2,0,2025-12-15,False
7583813003239785247,7583802818747188023,grassroots97,"This happened to me, my dad didn’t want to give me a raise. So I quit and went to work for a bigger contractor making more money. One day had to drop me off at the job site, and his eyes got real big and he said wow this is a really nice place. 😆 we are no contact now.",9,0,2025-12-14,False
7584117655655154462,7584025770780361503,bears.fan96,oh no,0,0,2025-12-15,False
7584110119114867470,7584025770780361503,flower4114,I wanted to go to the cordon bleu cooking school (cooking was the only extra curricular activity my mom would let me do). Mom told me they would give me a live rabbit and i would have to kill it and gut it and skin it and cook it and eat it.,5,0,2025-12-15,False
7605575468997772050,7605459766593667854,nicolesfort,😞 I’m so sorry for your loss,0,0,2026-02-11,False
7605575396716872455,7605459766593667854,nicolesfort,😦,0,0,2026-02-11,False
7605472836672586509,7605459766593667854,keilly315,"Oh no this one is so cruel, I’m so sorry for you loss🤍",1,0,2026-02-11,False
7605459979764810510,7605459766593667854,lisa_91617,Baby didn’t survive. I’m sure someone else can use it”,2,0,2026-02-11,False
7600757579698979591,7600515543763174166,fantasyholic_fran,"if you're done of them, is their lost",1,0,2026-01-29,False
7600705813170733846,7600515543763174166,sophia.fraterwalc,I will never ever trust anyone but especially the messenger. The messenger sat there listening to the stuff and never told me same time but had the nerve to tell me in one of those ‘by the way’ conversations. I am done honest.,0,0,2026-01-29,False
7600518891270488840,7600515543763174166,fantasyholic_fran,"forgiving is is freedon for you, but triste them again may not be",1,0,2026-01-28,False
7614804069853119246,7614799860880933662,vincentia0821,You didn’t deserve to hear something like that. People can be incredibly cruel. My sincere condolences to you.,2,0,2026-03-08,False
7599874383402697480,7599874234777240327,4lif3rzzk,OH wait mb i thought the tiktok said « forget »,0,0,2026-01-27,False
7600482495499092754,7600479174062899988,ahmedmohamudfarah,damn that sucks,0,0,2026-01-28,False
7605471541442806541,7605439223298097934,keilly315,"Oh that one hurts, I’m sorry💔🥲",0,0,2026-02-11,False
7603918088937128726,7603917897669444374,jexy360,Me and he said ‘I used to’,2,0,2026-02-07,False
7600539860190053141,7600539772364489492,hexlex_be_vexxed,*greed,0,0,2026-01-28,False
7605408133029085966,7605406231330767634,justnegativenancy,"Never forget you are a wonderful person in spite of him, you are not him or his evil doings 💕",0,0,2026-02-11,False
7606961328553067281,7606960317294740241,melnz35,I was a twin my mum didn't know she was having twins. Told me I was the one that wasn't supposed to be. I'm a kindy teacher and let all the children know they are special and have a place in this world. Don't let what others say affect you be tge best you can be and make this world a better place.,2,0,2026-02-15,False
7600408975851373330,7600406041419678485,youwilnotfindwdita,Shit that’s f up,0,0,2026-01-28,False
7584669165979108127,7584523139150824247,dusterwald,Ah man,0,0,2025-12-17,False
7591587946516644639,7585820600548950814,whatintheworld85,that goes with forgiveness. so if someone I know commits a heinous crime against myself or one of my family I should still want be around them?,0,0,2026-01-04,False
7591583344920691486,7585820600548950814,isaaramir_,to hold no grudges,0,0,2026-01-04,False
7591582270173266719,7585820600548950814,whatintheworld85,meaning?,0,0,2026-01-04,False
7591575702224388894,7585820600548950814,isaaramir_,i mean yeah but ideally it’s still something Jesus wasn’t really saying and portraying,0,0,2026-01-04,False
7591539504234939167,7585820600548950814,whatintheworld85,forgiving and forgetting are 2 different things. you can forgive but don't have to be around someone that causes stress and strife.,1,0,2026-01-04,False
7584573163071226638,7584249706138862391,keesh_memper,That is horrible 🥺,1,0,2025-12-16,False
7584935024866099998,7584935015037928222,unicornuatemama,Oh ya-this was my mom. 😔,0,0,2025-12-17,False
7600882152175305494,7600090702425178900,chubbean,Aww pretty baby,1,0,2026-01-29,False
7600510720637076247,7600090702425178900,suby.x3,so cute,3,0,2026-01-28,False
7600348870078186260,7600090702425178900,tommy_bamz.drfx,it is tho,7,0,2026-01-28,False
7600361600788382485,7600008472803017492,neil4k4,hi,0,0,2026-01-28,False
7600227584081543944,7600008472803017492,ash.._1704,WHAT,1,0,2026-01-28,False
7611407635837469470,7611333652631012127,choyceingram,wtffff,0,0,2026-02-27,False
7584418889070756639,7583923557879137055,fronxx443,aleenabarash It hurts but I know where I stand. At least they're honest about their feelings.,1,0,2025-12-16,False
7584391365178589983,7583923557879137055,aleenachampion,Omg I’m so sorry. 💔,1,0,2025-12-16,False
7595272108218450718,7586044905556230942,tarasavarese,it be ya own people man,1,0,2026-01-14,False
7595271680647774989,7586044905556230942,louiann143,mine too but only did it twice 😂,0,0,2026-01-14,False
7587497076864238367,7586044905556230942,storyslyr,Im sorry that happened to you too nobody deserves to hear mean things from people who are supposed to be our biggest supporters,3,0,2025-12-24,False
7587286043940307743,7586044905556230942,tarasavarese,parents can be so harsh 🥺 i’m glad someone was in your corner in that moment ❤️,5,0,2025-12-24,False
7587259713306526495,7586044905556230942,storyslyr,My mom who I have an other wise great relationship with said I looked like a sex worker when i found a dress I really liked I was about 19 also not sexually active another girl stood up to her and told her I looked beautiful and if I wanted the dress I should get it bought the dress myself and never had the confidence to wear it after that but I appricate that other girl so much,10,0,2025-12-24,False
7587263096700650270,7586415508347142943,storyslyr,So sorry the generational trauma with moms and bodies is so bad,1,0,2025-12-24,False
7604285124704912141,7604283980863865614,angela.sullivan28,*other grandchild,0,0,2026-02-08,False
7628329549692551949,7583816078629028622,kweaver764,Took me a minute to respond…there son shot himself with an unsecured firearm…a simple safety on the gun or a gun safe. Made to feel terrible because it was on the day of my baby shower for my son. Only 45 minutes after sitting in front of me…he was gone. Preventable…yes. Destroyed our family forever.,1,0,2026-04-13,False
7628378891821040414,7583816078629028622,_redd101,I’m so incredibly sorry 😞,0,0,2026-04-13,False
7584131509210333965,7584118584931975949,user7867339130548,I’m sorry,1,0,2025-12-15,False
